{"type": "FeatureCollection", "features": [{"type": "Feature", "geometry": {"type": "Polygon", "coordinates": [[[104.97596454892802, -1.3338124051982274], [105.05929788226135, -1.3338124051982274], [105.05929788226135, -1.4171457385315607], [104.97596454892802, -1.4171457385315607], [104.97596454892802, -1.3338124051982274]]]}, "properties": {"cell_col": -2, "cell_row": -8, "sheet_id": "31-XXIII-c", "has_sheet": false}}, {"type": "Feature", "geometry": {"type": "Polygon", "coordinates": [[[104.97596454892802, -1.4171457385315607], [105.05929788226135, -1.4171457385315607], [105.05929788226135, -1.500479071864894], [104.97596454892802, -1.500479071864894], [104.97596454892802, -1.4171457385315607]]]}, "properties": {"cell_col": -2, "cell_row": -7, "sheet_id": "31-XXIII-g", "has_sheet": false}}, {"type": "Feature", "geometry": {"type": "Polygon", "coordinates": [[[104.97596454892802, -1.500479071864894], [105.05929788226135, -1.500479071864894], [105.05929788226135, -1.5838124051982272], [104.97596454892802, -1.5838124051982272], [104.97596454892802, -1.500479071864894]]]}, "properties": {"cell_col": -2, "cell_row": -6, "sheet_id": "31-XXIII-l", "has_sheet": false}}, {"type": "Feature", "geometry": {"type": "Polygon", "coordinates": [[[104.97596454892802, -1.5838124051982274], [105.05929788226135, -1.5838124051982274], [105.05929788226135, -1.6671457385315607], [104.97596454892802, -1.6671457385315607], [104.97596454892802, -1.5838124051982274]]]}, "properties": {"cell_col": -2, "cell_row": -5, "sheet_id": "31-XXIII-p", "has_sheet": false}}, {"type": "Feature", "geometry": {"type": "Polygon", "coordinates": [[[104.97596454892802, -1.6671457385315607], [105.05929788226135, -1.6671457385315607], [105.05929788226135, -1.750479071864894], [104.97596454892802, -1.750479071864894], [104.97596454892802, -1.6671457385315607]]]}, "properties": {"cell_col": -2, "cell_row": -4, "sheet_id": "31-XXIV-c", "has_sheet": false}}, {"type": "Feature", "geometry": {"type": "Polygon", "coordinates": [[[104.97596454892802, -1.750479071864894], [105.05929788226135, -1.750479071864894], [105.05929788226135, -1.8338124051982272], [104.97596454892802, -1.8338124051982272], [104.97596454892802, -1.750479071864894]]]}, "properties": {"cell_col": -2, "cell_row": -3, "sheet_id": "31-XXIV-g", "has_sheet": false}}, {"type": "Feature", "geometry": {"type": "Polygon", "coordinates": [[[104.97596454892802, -1.8338124051982272], [105.05929788226135, -1.8338124051982272], [105.05929788226135, -1.9171457385315605], [104.97596454892802, -1.9171457385315605], [104.97596454892802, -1.8338124051982272]]]}, "properties": {"cell_col": -2, "cell_row": -2, "sheet_id": "31-XXIV-l", "has_sheet": false}}, {"type": "Feature", "geometry": {"type": "Polygon", "coordinates": [[[104.97596454892802, -1.9171457385315607], [105.05929788226135, -1.9171457385315607], [105.05929788226135, -2.000479071864894], [104.97596454892802, -2.000479071864894], [104.97596454892802, -1.9171457385315607]]]}, "properties": {"cell_col": -2, "cell_row": -1, "sheet_id": "31-XXIV-p", "has_sheet": false}}, {"type": "Feature", "geometry": {"type": "Polygon", "coordinates": [[[104.97596454892802, -2.000479071864894], [105.05929788226135, -2.000479071864894], [105.05929788226135, -2.0838124051982274], [104.97596454892802, -2.0838124051982274], [104.97596454892802, -2.000479071864894]]]}, "properties": {"cell_col": -2, "cell_row": 0, "sheet_id": "31-XXV-c", "has_sheet": false}}, {"type": "Feature", "geometry": {"type": "Polygon", "coordinates": [[[104.97596454892802, -2.0838124051982274], [105.05929788226135, -2.0838124051982274], [105.05929788226135, -2.167145738531561], [104.97596454892802, -2.167145738531561], [104.97596454892802, -2.0838124051982274]]]}, "properties": {"cell_col": -2, "cell_row": 1, "sheet_id": "31-XXV-g", "has_sheet": false}}, {"type": "Feature", "geometry": {"type": "Polygon", "coordinates": [[[104.97596454892802, -2.1671457385315605], [105.05929788226135, -2.1671457385315605], [105.05929788226135, -2.250479071864894], [104.97596454892802, -2.250479071864894], [104.97596454892802, -2.1671457385315605]]]}, "properties": {"cell_col": -2, "cell_row": 2, "sheet_id": "31-XXV-l", "has_sheet": false}}, {"type": "Feature", "geometry": {"type": "Polygon", "coordinates": [[[104.97596454892802, -2.250479071864894], [105.05929788226135, -2.250479071864894], [105.05929788226135, -2.3338124051982274], [104.97596454892802, -2.3338124051982274], [104.97596454892802, -2.250479071864894]]]}, "properties": {"cell_col": -2, "cell_row": 3, "sheet_id": "31-XXV-p", "has_sheet": false}}, {"type": "Feature", "geometry": {"type": "Polygon", "coordinates": [[[104.97596454892802, -2.3338124051982274], [105.05929788226135, -2.3338124051982274], [105.05929788226135, -2.417145738531561], [104.97596454892802, -2.417145738531561], [104.97596454892802, -2.3338124051982274]]]}, "properties": {"cell_col": -2, "cell_row": 4, "sheet_id": "31-XXVI-c", "has_sheet": false}}, {"type": "Feature", "geometry": {"type": "Polygon", "coordinates": [[[104.97596454892802, -2.4171457385315605], [105.05929788226135, -2.4171457385315605], [105.05929788226135, -2.500479071864894], [104.97596454892802, -2.500479071864894], [104.97596454892802, -2.4171457385315605]]]}, "properties": {"cell_col": -2, "cell_row": 5, "sheet_id": "31-XXVI-g", "has_sheet": false}}, {"type": "Feature", "geometry": {"type": "Polygon", "coordinates": [[[104.97596454892802, -2.500479071864894], [105.05929788226135, -2.500479071864894], [105.05929788226135, -2.5838124051982274], [104.97596454892802, -2.5838124051982274], [104.97596454892802, -2.500479071864894]]]}, "properties": {"cell_col": -2, "cell_row": 6, "sheet_id": "31-XXVI-l", "has_sheet": false}}, {"type": "Feature", "geometry": {"type": "Polygon", "coordinates": [[[104.97596454892802, -2.583812405198227], [105.05929788226135, -2.583812405198227], [105.05929788226135, -2.6671457385315605], [104.97596454892802, -2.6671457385315605], [104.97596454892802, -2.583812405198227]]]}, "properties": {"cell_col": -2, "cell_row": 7, "sheet_id": "31-XXVI-p", "has_sheet": false}}, {"type": "Feature", "geometry": {"type": "Polygon", "coordinates": [[[104.97596454892802, -2.6671457385315605], [105.05929788226135, -2.6671457385315605], [105.05929788226135, -2.750479071864894], [104.97596454892802, -2.750479071864894], [104.97596454892802, -2.6671457385315605]]]}, "properties": {"cell_col": -2, "cell_row": 8, "sheet_id": "31-XXVII-c", "has_sheet": false}}, {"type": "Feature", "geometry": {"type": "Polygon", "coordinates": [[[104.97596454892802, -2.750479071864894], [105.05929788226135, -2.750479071864894], [105.05929788226135, -2.8338124051982274], [104.97596454892802, -2.8338124051982274], [104.97596454892802, -2.750479071864894]]]}, "properties": {"cell_col": -2, "cell_row": 9, "sheet_id": "31-XXVII-g", "has_sheet": false}}, {"type": "Feature", "geometry": {"type": "Polygon", "coordinates": [[[104.97596454892802, -2.833812405198227], [105.05929788226135, -2.833812405198227], [105.05929788226135, -2.9171457385315605], [104.97596454892802, -2.9171457385315605], [104.97596454892802, -2.833812405198227]]]}, "properties": {"cell_col": -2, "cell_row": 10, "sheet_id": "31-XXVII-l", "has_sheet": false}}, {"type": "Feature", "geometry": {"type": "Polygon", "coordinates": [[[104.97596454892802, -2.9171457385315605], [105.05929788226135, -2.9171457385315605], [105.05929788226135, -3.000479071864894], [104.97596454892802, -3.000479071864894], [104.97596454892802, -2.9171457385315605]]]}, "properties": {"cell_col": -2, "cell_row": 11, "sheet_id": "31-XXVII-p", "has_sheet": false}}, {"type": "Feature", "geometry": {"type": "Polygon", "coordinates": [[[104.97596454892802, -3.000479071864894], [105.05929788226135, -3.000479071864894], [105.05929788226135, -3.0838124051982274], [104.97596454892802, -3.0838124051982274], [104.97596454892802, -3.000479071864894]]]}, "properties": {"cell_col": -2, "cell_row": 12, "sheet_id": "31-XXVIII-c", "has_sheet": false}}, {"type": "Feature", "geometry": {"type": "Polygon", "coordinates": [[[104.97596454892802, -3.083812405198227], [105.05929788226135, -3.083812405198227], [105.05929788226135, -3.1671457385315605], [104.97596454892802, -3.1671457385315605], [104.97596454892802, -3.083812405198227]]]}, "properties": {"cell_col": -2, "cell_row": 13, "sheet_id": "31-XXVIII-g", "has_sheet": false}}, {"type": "Feature", "geometry": {"type": "Polygon", "coordinates": [[[104.97596454892802, -3.1671457385315605], [105.05929788226135, -3.1671457385315605], [105.05929788226135, -3.250479071864894], [104.97596454892802, -3.250479071864894], [104.97596454892802, -3.1671457385315605]]]}, "properties": {"cell_col": -2, "cell_row": 14, "sheet_id": "31-XXVIII-l", "has_sheet": false}}, {"type": "Feature", "geometry": {"type": "Polygon", "coordinates": [[[105.05929788226136, -1.3338124051982274], [105.14263121559469, -1.3338124051982274], [105.14263121559469, -1.4171457385315607], [105.05929788226136, -1.4171457385315607], [105.05929788226136, -1.3338124051982274]]]}, "properties": {"cell_col": -1, "cell_row": -8, "sheet_id": "31-XXIII-d", "has_sheet": false}}, {"type": "Feature", "geometry": {"type": "Polygon", "coordinates": [[[105.05929788226136, -1.4171457385315607], [105.14263121559469, -1.4171457385315607], [105.14263121559469, -1.500479071864894], [105.05929788226136, -1.500479071864894], [105.05929788226136, -1.4171457385315607]]]}, "properties": {"cell_col": -1, "cell_row": -7, "sheet_id": "31-XXIII-h", "has_sheet": false}}, {"type": "Feature", "geometry": {"type": "Polygon", "coordinates": [[[105.05929788226136, -1.500479071864894], [105.14263121559469, -1.500479071864894], [105.14263121559469, -1.5838124051982272], [105.05929788226136, -1.5838124051982272], [105.05929788226136, -1.500479071864894]]]}, "properties": {"cell_col": -1, "cell_row": -6, "sheet_id": "31-XXIII-m", "has_sheet": false}}, {"type": "Feature", "geometry": {"type": "Polygon", "coordinates": [[[105.05929788226136, -1.5838124051982274], [105.14263121559469, -1.5838124051982274], [105.14263121559469, -1.6671457385315607], [105.05929788226136, -1.6671457385315607], [105.05929788226136, -1.5838124051982274]]]}, "properties": {"cell_col": -1, "cell_row": -5, "sheet_id": "31-XXIII-q", "has_sheet": false}}, {"type": "Feature", "geometry": {"type": "Polygon", "coordinates": [[[105.05929788226136, -1.6671457385315607], [105.14263121559469, -1.6671457385315607], [105.14263121559469, -1.750479071864894], [105.05929788226136, -1.750479071864894], [105.05929788226136, -1.6671457385315607]]]}, "properties": {"cell_col": -1, "cell_row": -4, "sheet_id": "31-XXIV-d", "has_sheet": false}}, {"type": "Feature", "geometry": {"type": "Polygon", "coordinates": [[[105.05929788226136, -1.750479071864894], [105.14263121559469, -1.750479071864894], [105.14263121559469, -1.8338124051982272], [105.05929788226136, -1.8338124051982272], [105.05929788226136, -1.750479071864894]]]}, "properties": {"cell_col": -1, "cell_row": -3, "sheet_id": "31-XXIV-h", "has_sheet": false}}, {"type": "Feature", "geometry": {"type": "Polygon", "coordinates": [[[105.05929788226136, -1.8338124051982272], [105.14263121559469, -1.8338124051982272], [105.14263121559469, -1.9171457385315605], [105.05929788226136, -1.9171457385315605], [105.05929788226136, -1.8338124051982272]]]}, "properties": {"cell_col": -1, "cell_row": -2, "sheet_id": "31-XXIV-m", "has_sheet": false}}, {"type": "Feature", "geometry": {"type": "Polygon", "coordinates": [[[105.05929788226136, -1.9171457385315607], [105.14263121559469, -1.9171457385315607], [105.14263121559469, -2.000479071864894], [105.05929788226136, -2.000479071864894], [105.05929788226136, -1.9171457385315607]]]}, "properties": {"cell_col": -1, "cell_row": -1, "sheet_id": "31-XXIV-q", "has_sheet": true}}, {"type": "Feature", "geometry": {"type": "Polygon", "coordinates": [[[105.05929788226136, -2.000479071864894], [105.14263121559469, -2.000479071864894], [105.14263121559469, -2.0838124051982274], [105.05929788226136, -2.0838124051982274], [105.05929788226136, -2.000479071864894]]]}, "properties": {"cell_col": -1, "cell_row": 0, "sheet_id": "31-XXV-d", "has_sheet": true}}, {"type": "Feature", "geometry": {"type": "Polygon", "coordinates": [[[105.05929788226136, -2.0838124051982274], [105.14263121559469, -2.0838124051982274], [105.14263121559469, -2.167145738531561], [105.05929788226136, -2.167145738531561], [105.05929788226136, -2.0838124051982274]]]}, "properties": {"cell_col": -1, "cell_row": 1, "sheet_id": "31-XXV-h", "has_sheet": true}}, {"type": "Feature", "geometry": {"type": "Polygon", "coordinates": [[[105.05929788226136, -2.1671457385315605], [105.14263121559469, -2.1671457385315605], [105.14263121559469, -2.250479071864894], [105.05929788226136, -2.250479071864894], [105.05929788226136, -2.1671457385315605]]]}, "properties": {"cell_col": -1, "cell_row": 2, "sheet_id": "31-XXV-m", "has_sheet": false}}, {"type": "Feature", "geometry": {"type": "Polygon", "coordinates": [[[105.05929788226136, -2.250479071864894], [105.14263121559469, -2.250479071864894], [105.14263121559469, -2.3338124051982274], [105.05929788226136, -2.3338124051982274], [105.05929788226136, -2.250479071864894]]]}, "properties": {"cell_col": -1, "cell_row": 3, "sheet_id": "31-XXV-q", "has_sheet": false}}, {"type": "Feature", "geometry": {"type": "Polygon", "coordinates": [[[105.05929788226136, -2.3338124051982274], [105.14263121559469, -2.3338124051982274], [105.14263121559469, -2.417145738531561], [105.05929788226136, -2.417145738531561], [105.05929788226136, -2.3338124051982274]]]}, "properties": {"cell_col": -1, "cell_row": 4, "sheet_id": "31-XXVI-d", "has_sheet": false}}, {"type": "Feature", "geometry": {"type": "Polygon", "coordinates": [[[105.05929788226136, -2.4171457385315605], [105.14263121559469, -2.4171457385315605], [105.14263121559469, -2.500479071864894], [105.05929788226136, -2.500479071864894], [105.05929788226136, -2.4171457385315605]]]}, "properties": {"cell_col": -1, "cell_row": 5, "sheet_id": "31-XXVI-h", "has_sheet": false}}, {"type": "Feature", "geometry": {"type": "Polygon", "coordinates": [[[105.05929788226136, -2.500479071864894], [105.14263121559469, -2.500479071864894], [105.14263121559469, -2.5838124051982274], [105.05929788226136, -2.5838124051982274], [105.05929788226136, -2.500479071864894]]]}, "properties": {"cell_col": -1, "cell_row": 6, "sheet_id": "31-XXVI-m", "has_sheet": false}}, {"type": "Feature", "geometry": {"type": "Polygon", "coordinates": [[[105.05929788226136, -2.583812405198227], [105.14263121559469, -2.583812405198227], [105.14263121559469, -2.6671457385315605], [105.05929788226136, -2.6671457385315605], [105.05929788226136, -2.583812405198227]]]}, "properties": {"cell_col": -1, "cell_row": 7, "sheet_id": "31-XXVI-q", "has_sheet": false}}, {"type": "Feature", "geometry": {"type": "Polygon", "coordinates": [[[105.05929788226136, -2.6671457385315605], [105.14263121559469, -2.6671457385315605], [105.14263121559469, -2.750479071864894], [105.05929788226136, -2.750479071864894], [105.05929788226136, -2.6671457385315605]]]}, "properties": {"cell_col": -1, "cell_row": 8, "sheet_id": "31-XXVII-d", "has_sheet": false}}, {"type": "Feature", "geometry": {"type": "Polygon", "coordinates": [[[105.05929788226136, -2.750479071864894], [105.14263121559469, -2.750479071864894], [105.14263121559469, -2.8338124051982274], [105.05929788226136, -2.8338124051982274], [105.05929788226136, -2.750479071864894]]]}, "properties": {"cell_col": -1, "cell_row": 9, "sheet_id": "31-XXVII-h", "has_sheet": false}}, {"type": "Feature", "geometry": {"type": "Polygon", "coordinates": [[[105.05929788226136, -2.833812405198227], [105.14263121559469, -2.833812405198227], [105.14263121559469, -2.9171457385315605], [105.05929788226136, -2.9171457385315605], [105.05929788226136, -2.833812405198227]]]}, "properties": {"cell_col": -1, "cell_row": 10, "sheet_id": "31-XXVII-m", "has_sheet": false}}, {"type": "Feature", "geometry": {"type": "Polygon", "coordinates": [[[105.05929788226136, -2.9171457385315605], [105.14263121559469, -2.9171457385315605], [105.14263121559469, -3.000479071864894], [105.05929788226136, -3.000479071864894], [105.05929788226136, -2.9171457385315605]]]}, "properties": {"cell_col": -1, "cell_row": 11, "sheet_id": "31-XXVII-q", "has_sheet": false}}, {"type": "Feature", "geometry": {"type": "Polygon", "coordinates": [[[105.05929788226136, -3.000479071864894], [105.14263121559469, -3.000479071864894], [105.14263121559469, -3.0838124051982274], [105.05929788226136, -3.0838124051982274], [105.05929788226136, -3.000479071864894]]]}, "properties": {"cell_col": -1, "cell_row": 12, "sheet_id": "31-XXVIII-d", "has_sheet": false}}, {"type": "Feature", "geometry": {"type": "Polygon", "coordinates": [[[105.05929788226136, -3.083812405198227], [105.14263121559469, -3.083812405198227], [105.14263121559469, -3.1671457385315605], [105.05929788226136, -3.1671457385315605], [105.05929788226136, -3.083812405198227]]]}, "properties": {"cell_col": -1, "cell_row": 13, "sheet_id": "31-XXVIII-h", "has_sheet": false}}, {"type": "Feature", "geometry": {"type": "Polygon", "coordinates": [[[105.05929788226136, -3.1671457385315605], [105.14263121559469, -3.1671457385315605], [105.14263121559469, -3.250479071864894], [105.05929788226136, -3.250479071864894], [105.05929788226136, -3.1671457385315605]]]}, "properties": {"cell_col": -1, "cell_row": 14, "sheet_id": "31-XXVIII-m", "has_sheet": false}}, {"type": "Feature", "geometry": {"type": "Polygon", "coordinates": [[[105.14263121559469, -1.3338124051982274], [105.22596454892802, -1.3338124051982274], [105.22596454892802, -1.4171457385315607], [105.14263121559469, -1.4171457385315607], [105.14263121559469, -1.3338124051982274]]]}, "properties": {"cell_col": 0, "cell_row": -8, "sheet_id": "32-XXIII-a", "has_sheet": false}}, {"type": "Feature", "geometry": {"type": "Polygon", "coordinates": [[[105.14263121559469, -1.4171457385315607], [105.22596454892802, -1.4171457385315607], [105.22596454892802, -1.500479071864894], [105.14263121559469, -1.500479071864894], [105.14263121559469, -1.4171457385315607]]]}, "properties": {"cell_col": 0, "cell_row": -7, "sheet_id": "32-XXIII-e", "has_sheet": false}}, {"type": "Feature", "geometry": {"type": "Polygon", "coordinates": [[[105.14263121559469, -1.500479071864894], [105.22596454892802, -1.500479071864894], [105.22596454892802, -1.5838124051982272], [105.14263121559469, -1.5838124051982272], [105.14263121559469, -1.500479071864894]]]}, "properties": {"cell_col": 0, "cell_row": -6, "sheet_id": "32-XXIII-i", "has_sheet": false}}, {"type": "Feature", "geometry": {"type": "Polygon", "coordinates": [[[105.14263121559469, -1.5838124051982274], [105.22596454892802, -1.5838124051982274], [105.22596454892802, -1.6671457385315607], [105.14263121559469, -1.6671457385315607], [105.14263121559469, -1.5838124051982274]]]}, "properties": {"cell_col": 0, "cell_row": -5, "sheet_id": "32-XXIII-n", "has_sheet": false}}, {"type": "Feature", "geometry": {"type": "Polygon", "coordinates": [[[105.14263121559469, -1.6671457385315607], [105.22596454892802, -1.6671457385315607], [105.22596454892802, -1.750479071864894], [105.14263121559469, -1.750479071864894], [105.14263121559469, -1.6671457385315607]]]}, "properties": {"cell_col": 0, "cell_row": -4, "sheet_id": "32-XXIV-a", "has_sheet": false}}, {"type": "Feature", "geometry": {"type": "Polygon", "coordinates": [[[105.14263121559469, -1.750479071864894], [105.22596454892802, -1.750479071864894], [105.22596454892802, -1.8338124051982272], [105.14263121559469, -1.8338124051982272], [105.14263121559469, -1.750479071864894]]]}, "properties": {"cell_col": 0, "cell_row": -3, "sheet_id": "32-XXIV-e", "has_sheet": false}}, {"type": "Feature", "geometry": {"type": "Polygon", "coordinates": [[[105.14263121559469, -1.8338124051982272], [105.22596454892802, -1.8338124051982272], [105.22596454892802, -1.9171457385315605], [105.14263121559469, -1.9171457385315605], [105.14263121559469, -1.8338124051982272]]]}, "properties": {"cell_col": 0, "cell_row": -2, "sheet_id": "32-XXIV-i", "has_sheet": true}}, {"type": "Feature", "geometry": {"type": "Polygon", "coordinates": [[[105.14263121559469, -1.9171457385315607], [105.22596454892802, -1.9171457385315607], [105.22596454892802, -2.000479071864894], [105.14263121559469, -2.000479071864894], [105.14263121559469, -1.9171457385315607]]]}, "properties": {"cell_col": 0, "cell_row": -1, "sheet_id": "32-XXIV-n", "has_sheet": true}}, {"type": "Feature", "geometry": {"type": "Polygon", "coordinates": [[[105.14263121559469, -2.000479071864894], [105.22596454892802, -2.000479071864894], [105.22596454892802, -2.0838124051982274], [105.14263121559469, -2.0838124051982274], [105.14263121559469, -2.000479071864894]]]}, "properties": {"cell_col": 0, "cell_row": 0, "sheet_id": "32-XXV-a", "has_sheet": true}}, {"type": "Feature", "geometry": {"type": "Polygon", "coordinates": [[[105.14263121559469, -2.0838124051982274], [105.22596454892802, -2.0838124051982274], [105.22596454892802, -2.167145738531561], [105.14263121559469, -2.167145738531561], [105.14263121559469, -2.0838124051982274]]]}, "properties": {"cell_col": 0, "cell_row": 1, "sheet_id": "32-XXV-e", "has_sheet": false}}, {"type": "Feature", "geometry": {"type": "Polygon", "coordinates": [[[105.14263121559469, -2.1671457385315605], [105.22596454892802, -2.1671457385315605], [105.22596454892802, -2.250479071864894], [105.14263121559469, -2.250479071864894], [105.14263121559469, -2.1671457385315605]]]}, "properties": {"cell_col": 0, "cell_row": 2, "sheet_id": "32-XXV-i", "has_sheet": false}}, {"type": "Feature", "geometry": {"type": "Polygon", "coordinates": [[[105.14263121559469, -2.250479071864894], [105.22596454892802, -2.250479071864894], [105.22596454892802, -2.3338124051982274], [105.14263121559469, -2.3338124051982274], [105.14263121559469, -2.250479071864894]]]}, "properties": {"cell_col": 0, "cell_row": 3, "sheet_id": "32-XXV-n", "has_sheet": false}}, {"type": "Feature", "geometry": {"type": "Polygon", "coordinates": [[[105.14263121559469, -2.3338124051982274], [105.22596454892802, -2.3338124051982274], [105.22596454892802, -2.417145738531561], [105.14263121559469, -2.417145738531561], [105.14263121559469, -2.3338124051982274]]]}, "properties": {"cell_col": 0, "cell_row": 4, "sheet_id": "32-XXVI-a", "has_sheet": false}}, {"type": "Feature", "geometry": {"type": "Polygon", "coordinates": [[[105.14263121559469, -2.4171457385315605], [105.22596454892802, -2.4171457385315605], [105.22596454892802, -2.500479071864894], [105.14263121559469, -2.500479071864894], [105.14263121559469, -2.4171457385315605]]]}, "properties": {"cell_col": 0, "cell_row": 5, "sheet_id": "32-XXVI-e", "has_sheet": false}}, {"type": "Feature", "geometry": {"type": "Polygon", "coordinates": [[[105.14263121559469, -2.500479071864894], [105.22596454892802, -2.500479071864894], [105.22596454892802, -2.5838124051982274], [105.14263121559469, -2.5838124051982274], [105.14263121559469, -2.500479071864894]]]}, "properties": {"cell_col": 0, "cell_row": 6, "sheet_id": "32-XXVI-i", "has_sheet": false}}, {"type": "Feature", "geometry": {"type": "Polygon", "coordinates": [[[105.14263121559469, -2.583812405198227], [105.22596454892802, -2.583812405198227], [105.22596454892802, -2.6671457385315605], [105.14263121559469, -2.6671457385315605], [105.14263121559469, -2.583812405198227]]]}, "properties": {"cell_col": 0, "cell_row": 7, "sheet_id": "32-XXVI-n", "has_sheet": false}}, {"type": "Feature", "geometry": {"type": "Polygon", "coordinates": [[[105.14263121559469, -2.6671457385315605], [105.22596454892802, -2.6671457385315605], [105.22596454892802, -2.750479071864894], [105.14263121559469, -2.750479071864894], [105.14263121559469, -2.6671457385315605]]]}, "properties": {"cell_col": 0, "cell_row": 8, "sheet_id": "32-XXVII-a", "has_sheet": false}}, {"type": "Feature", "geometry": {"type": "Polygon", "coordinates": [[[105.14263121559469, -2.750479071864894], [105.22596454892802, -2.750479071864894], [105.22596454892802, -2.8338124051982274], [105.14263121559469, -2.8338124051982274], [105.14263121559469, -2.750479071864894]]]}, "properties": {"cell_col": 0, "cell_row": 9, "sheet_id": "32-XXVII-e", "has_sheet": false}}, {"type": "Feature", "geometry": {"type": "Polygon", "coordinates": [[[105.14263121559469, -2.833812405198227], [105.22596454892802, -2.833812405198227], [105.22596454892802, -2.9171457385315605], [105.14263121559469, -2.9171457385315605], [105.14263121559469, -2.833812405198227]]]}, "properties": {"cell_col": 0, "cell_row": 10, "sheet_id": "32-XXVII-i", "has_sheet": false}}, {"type": "Feature", "geometry": {"type": "Polygon", "coordinates": [[[105.14263121559469, -2.9171457385315605], [105.22596454892802, -2.9171457385315605], [105.22596454892802, -3.000479071864894], [105.14263121559469, -3.000479071864894], [105.14263121559469, -2.9171457385315605]]]}, "properties": {"cell_col": 0, "cell_row": 11, "sheet_id": "32-XXVII-n", "has_sheet": false}}, {"type": "Feature", "geometry": {"type": "Polygon", "coordinates": [[[105.14263121559469, -3.000479071864894], [105.22596454892802, -3.000479071864894], [105.22596454892802, -3.0838124051982274], [105.14263121559469, -3.0838124051982274], [105.14263121559469, -3.000479071864894]]]}, "properties": {"cell_col": 0, "cell_row": 12, "sheet_id": "32-XXVIII-a", "has_sheet": false}}, {"type": "Feature", "geometry": {"type": "Polygon", "coordinates": [[[105.14263121559469, -3.083812405198227], [105.22596454892802, -3.083812405198227], [105.22596454892802, -3.1671457385315605], [105.14263121559469, -3.1671457385315605], [105.14263121559469, -3.083812405198227]]]}, "properties": {"cell_col": 0, "cell_row": 13, "sheet_id": "32-XXVIII-e", "has_sheet": false}}, {"type": "Feature", "geometry": {"type": "Polygon", "coordinates": [[[105.14263121559469, -3.1671457385315605], [105.22596454892802, -3.1671457385315605], [105.22596454892802, -3.250479071864894], [105.14263121559469, -3.250479071864894], [105.14263121559469, -3.1671457385315605]]]}, "properties": {"cell_col": 0, "cell_row": 14, "sheet_id": "32-XXVIII-i", "has_sheet": false}}, {"type": "Feature", "geometry": {"type": "Polygon", "coordinates": [[[105.22596454892802, -1.3338124051982274], [105.30929788226135, -1.3338124051982274], [105.30929788226135, -1.4171457385315607], [105.22596454892802, -1.4171457385315607], [105.22596454892802, -1.3338124051982274]]]}, "properties": {"cell_col": 1, "cell_row": -8, "sheet_id": "32-XXIII-b", "has_sheet": false}}, {"type": "Feature", "geometry": {"type": "Polygon", "coordinates": [[[105.22596454892802, -1.4171457385315607], [105.30929788226135, -1.4171457385315607], [105.30929788226135, -1.500479071864894], [105.22596454892802, -1.500479071864894], [105.22596454892802, -1.4171457385315607]]]}, "properties": {"cell_col": 1, "cell_row": -7, "sheet_id": "32-XXIII-f", "has_sheet": false}}, {"type": "Feature", "geometry": {"type": "Polygon", "coordinates": [[[105.22596454892802, -1.500479071864894], [105.30929788226135, -1.500479071864894], [105.30929788226135, -1.5838124051982272], [105.22596454892802, -1.5838124051982272], [105.22596454892802, -1.500479071864894]]]}, "properties": {"cell_col": 1, "cell_row": -6, "sheet_id": "32-XXIII-k", "has_sheet": false}}, {"type": "Feature", "geometry": {"type": "Polygon", "coordinates": [[[105.22596454892802, -1.5838124051982274], [105.30929788226135, -1.5838124051982274], [105.30929788226135, -1.6671457385315607], [105.22596454892802, -1.6671457385315607], [105.22596454892802, -1.5838124051982274]]]}, "properties": {"cell_col": 1, "cell_row": -5, "sheet_id": "32-XXIII-o", "has_sheet": false}}, {"type": "Feature", "geometry": {"type": "Polygon", "coordinates": [[[105.22596454892802, -1.6671457385315607], [105.30929788226135, -1.6671457385315607], [105.30929788226135, -1.750479071864894], [105.22596454892802, -1.750479071864894], [105.22596454892802, -1.6671457385315607]]]}, "properties": {"cell_col": 1, "cell_row": -4, "sheet_id": "32-XXIV-b", "has_sheet": false}}, {"type": "Feature", "geometry": {"type": "Polygon", "coordinates": [[[105.22596454892802, -1.750479071864894], [105.30929788226135, -1.750479071864894], [105.30929788226135, -1.8338124051982272], [105.22596454892802, -1.8338124051982272], [105.22596454892802, -1.750479071864894]]]}, "properties": {"cell_col": 1, "cell_row": -3, "sheet_id": "32-XXIV-f", "has_sheet": false}}, {"type": "Feature", "geometry": {"type": "Polygon", "coordinates": [[[105.22596454892802, -1.8338124051982272], [105.30929788226135, -1.8338124051982272], [105.30929788226135, -1.9171457385315605], [105.22596454892802, -1.9171457385315605], [105.22596454892802, -1.8338124051982272]]]}, "properties": {"cell_col": 1, "cell_row": -2, "sheet_id": "32-XXIV-k", "has_sheet": true}}, {"type": "Feature", "geometry": {"type": "Polygon", "coordinates": [[[105.22596454892802, -1.9171457385315607], [105.30929788226135, -1.9171457385315607], [105.30929788226135, -2.000479071864894], [105.22596454892802, -2.000479071864894], [105.22596454892802, -1.9171457385315607]]]}, "properties": {"cell_col": 1, "cell_row": -1, "sheet_id": "32-XXIV-o", "has_sheet": true}}, {"type": "Feature", "geometry": {"type": "Polygon", "coordinates": [[[105.22596454892802, -2.000479071864894], [105.30929788226135, -2.000479071864894], [105.30929788226135, -2.0838124051982274], [105.22596454892802, -2.0838124051982274], [105.22596454892802, -2.000479071864894]]]}, "properties": {"cell_col": 1, "cell_row": 0, "sheet_id": "32-XXV-b", "has_sheet": true}}, {"type": "Feature", "geometry": {"type": "Polygon", "coordinates": [[[105.22596454892802, -2.0838124051982274], [105.30929788226135, -2.0838124051982274], [105.30929788226135, -2.167145738531561], [105.22596454892802, -2.167145738531561], [105.22596454892802, -2.0838124051982274]]]}, "properties": {"cell_col": 1, "cell_row": 1, "sheet_id": "32-XXV-f", "has_sheet": true}}, {"type": "Feature", "geometry": {"type": "Polygon", "coordinates": [[[105.22596454892802, -2.1671457385315605], [105.30929788226135, -2.1671457385315605], [105.30929788226135, -2.250479071864894], [105.22596454892802, -2.250479071864894], [105.22596454892802, -2.1671457385315605]]]}, "properties": {"cell_col": 1, "cell_row": 2, "sheet_id": "32-XXV-k", "has_sheet": false}}, {"type": "Feature", "geometry": {"type": "Polygon", "coordinates": [[[105.22596454892802, -2.250479071864894], [105.30929788226135, -2.250479071864894], [105.30929788226135, -2.3338124051982274], [105.22596454892802, -2.3338124051982274], [105.22596454892802, -2.250479071864894]]]}, "properties": {"cell_col": 1, "cell_row": 3, "sheet_id": "32-XXV-o", "has_sheet": false}}, {"type": "Feature", "geometry": {"type": "Polygon", "coordinates": [[[105.22596454892802, -2.3338124051982274], [105.30929788226135, -2.3338124051982274], [105.30929788226135, -2.417145738531561], [105.22596454892802, -2.417145738531561], [105.22596454892802, -2.3338124051982274]]]}, "properties": {"cell_col": 1, "cell_row": 4, "sheet_id": "32-XXVI-b", "has_sheet": false}}, {"type": "Feature", "geometry": {"type": "Polygon", "coordinates": [[[105.22596454892802, -2.4171457385315605], [105.30929788226135, -2.4171457385315605], [105.30929788226135, -2.500479071864894], [105.22596454892802, -2.500479071864894], [105.22596454892802, -2.4171457385315605]]]}, "properties": {"cell_col": 1, "cell_row": 5, "sheet_id": "32-XXVI-f", "has_sheet": false}}, {"type": "Feature", "geometry": {"type": "Polygon", "coordinates": [[[105.22596454892802, -2.500479071864894], [105.30929788226135, -2.500479071864894], [105.30929788226135, -2.5838124051982274], [105.22596454892802, -2.5838124051982274], [105.22596454892802, -2.500479071864894]]]}, "properties": {"cell_col": 1, "cell_row": 6, "sheet_id": "32-XXVI-k", "has_sheet": false}}, {"type": "Feature", "geometry": {"type": "Polygon", "coordinates": [[[105.22596454892802, -2.583812405198227], [105.30929788226135, -2.583812405198227], [105.30929788226135, -2.6671457385315605], [105.22596454892802, -2.6671457385315605], [105.22596454892802, -2.583812405198227]]]}, "properties": {"cell_col": 1, "cell_row": 7, "sheet_id": "32-XXVI-o", "has_sheet": false}}, {"type": "Feature", "geometry": {"type": "Polygon", "coordinates": [[[105.22596454892802, -2.6671457385315605], [105.30929788226135, -2.6671457385315605], [105.30929788226135, -2.750479071864894], [105.22596454892802, -2.750479071864894], [105.22596454892802, -2.6671457385315605]]]}, "properties": {"cell_col": 1, "cell_row": 8, "sheet_id": "32-XXVII-b", "has_sheet": false}}, {"type": "Feature", "geometry": {"type": "Polygon", "coordinates": [[[105.22596454892802, -2.750479071864894], [105.30929788226135, -2.750479071864894], [105.30929788226135, -2.8338124051982274], [105.22596454892802, -2.8338124051982274], [105.22596454892802, -2.750479071864894]]]}, "properties": {"cell_col": 1, "cell_row": 9, "sheet_id": "32-XXVII-f", "has_sheet": false}}, {"type": "Feature", "geometry": {"type": "Polygon", "coordinates": [[[105.22596454892802, -2.833812405198227], [105.30929788226135, -2.833812405198227], [105.30929788226135, -2.9171457385315605], [105.22596454892802, -2.9171457385315605], [105.22596454892802, -2.833812405198227]]]}, "properties": {"cell_col": 1, "cell_row": 10, "sheet_id": "32-XXVII-k", "has_sheet": false}}, {"type": "Feature", "geometry": {"type": "Polygon", "coordinates": [[[105.22596454892802, -2.9171457385315605], [105.30929788226135, -2.9171457385315605], [105.30929788226135, -3.000479071864894], [105.22596454892802, -3.000479071864894], [105.22596454892802, -2.9171457385315605]]]}, "properties": {"cell_col": 1, "cell_row": 11, "sheet_id": "32-XXVII-o", "has_sheet": false}}, {"type": "Feature", "geometry": {"type": "Polygon", "coordinates": [[[105.22596454892802, -3.000479071864894], [105.30929788226135, -3.000479071864894], [105.30929788226135, -3.0838124051982274], [105.22596454892802, -3.0838124051982274], [105.22596454892802, -3.000479071864894]]]}, "properties": {"cell_col": 1, "cell_row": 12, "sheet_id": "32-XXVIII-b", "has_sheet": false}}, {"type": "Feature", "geometry": {"type": "Polygon", "coordinates": [[[105.22596454892802, -3.083812405198227], [105.30929788226135, -3.083812405198227], [105.30929788226135, -3.1671457385315605], [105.22596454892802, -3.1671457385315605], [105.22596454892802, -3.083812405198227]]]}, "properties": {"cell_col": 1, "cell_row": 13, "sheet_id": "32-XXVIII-f", "has_sheet": false}}, {"type": "Feature", "geometry": {"type": "Polygon", "coordinates": [[[105.22596454892802, -3.1671457385315605], [105.30929788226135, -3.1671457385315605], [105.30929788226135, -3.250479071864894], [105.22596454892802, -3.250479071864894], [105.22596454892802, -3.1671457385315605]]]}, "properties": {"cell_col": 1, "cell_row": 14, "sheet_id": "32-XXVIII-k", "has_sheet": false}}, {"type": "Feature", "geometry": {"type": "Polygon", "coordinates": [[[105.30929788226136, -1.3338124051982274], [105.39263121559469, -1.3338124051982274], [105.39263121559469, -1.4171457385315607], [105.30929788226136, -1.4171457385315607], [105.30929788226136, -1.3338124051982274]]]}, "properties": {"cell_col": 2, "cell_row": -8, "sheet_id": "32-XXIII-c", "has_sheet": false}}, {"type": "Feature", "geometry": {"type": "Polygon", "coordinates": [[[105.30929788226136, -1.4171457385315607], [105.39263121559469, -1.4171457385315607], [105.39263121559469, -1.500479071864894], [105.30929788226136, -1.500479071864894], [105.30929788226136, -1.4171457385315607]]]}, "properties": {"cell_col": 2, "cell_row": -7, "sheet_id": "32-XXIII-g", "has_sheet": false}}, {"type": "Feature", "geometry": {"type": "Polygon", "coordinates": [[[105.30929788226136, -1.500479071864894], [105.39263121559469, -1.500479071864894], [105.39263121559469, -1.5838124051982272], [105.30929788226136, -1.5838124051982272], [105.30929788226136, -1.500479071864894]]]}, "properties": {"cell_col": 2, "cell_row": -6, "sheet_id": "32-XXIII-l", "has_sheet": false}}, {"type": "Feature", "geometry": {"type": "Polygon", "coordinates": [[[105.30929788226136, -1.5838124051982274], [105.39263121559469, -1.5838124051982274], [105.39263121559469, -1.6671457385315607], [105.30929788226136, -1.6671457385315607], [105.30929788226136, -1.5838124051982274]]]}, "properties": {"cell_col": 2, "cell_row": -5, "sheet_id": "32-XXIII-p", "has_sheet": true}}, {"type": "Feature", "geometry": {"type": "Polygon", "coordinates": [[[105.30929788226136, -1.6671457385315607], [105.39263121559469, -1.6671457385315607], [105.39263121559469, -1.750479071864894], [105.30929788226136, -1.750479071864894], [105.30929788226136, -1.6671457385315607]]]}, "properties": {"cell_col": 2, "cell_row": -4, "sheet_id": "32-XXIV-c", "has_sheet": true}}, {"type": "Feature", "geometry": {"type": "Polygon", "coordinates": [[[105.30929788226136, -1.750479071864894], [105.39263121559469, -1.750479071864894], [105.39263121559469, -1.8338124051982272], [105.30929788226136, -1.8338124051982272], [105.30929788226136, -1.750479071864894]]]}, "properties": {"cell_col": 2, "cell_row": -3, "sheet_id": "32-XXIV-g", "has_sheet": true}}, {"type": "Feature", "geometry": {"type": "Polygon", "coordinates": [[[105.30929788226136, -1.8338124051982272], [105.39263121559469, -1.8338124051982272], [105.39263121559469, -1.9171457385315605], [105.30929788226136, -1.9171457385315605], [105.30929788226136, -1.8338124051982272]]]}, "properties": {"cell_col": 2, "cell_row": -2, "sheet_id": "32-XXIV-l", "has_sheet": true}}, {"type": "Feature", "geometry": {"type": "Polygon", "coordinates": [[[105.30929788226136, -1.9171457385315607], [105.39263121559469, -1.9171457385315607], [105.39263121559469, -2.000479071864894], [105.30929788226136, -2.000479071864894], [105.30929788226136, -1.9171457385315607]]]}, "properties": {"cell_col": 2, "cell_row": -1, "sheet_id": "32-XXIV-p", "has_sheet": true}}, {"type": "Feature", "geometry": {"type": "Polygon", "coordinates": [[[105.30929788226136, -2.000479071864894], [105.39263121559469, -2.000479071864894], [105.39263121559469, -2.0838124051982274], [105.30929788226136, -2.0838124051982274], [105.30929788226136, -2.000479071864894]]]}, "properties": {"cell_col": 2, "cell_row": 0, "sheet_id": "32-XXV-c", "has_sheet": true}}, {"type": "Feature", "geometry": {"type": "Polygon", "coordinates": [[[105.30929788226136, -2.0838124051982274], [105.39263121559469, -2.0838124051982274], [105.39263121559469, -2.167145738531561], [105.30929788226136, -2.167145738531561], [105.30929788226136, -2.0838124051982274]]]}, "properties": {"cell_col": 2, "cell_row": 1, "sheet_id": "32-XXV-g", "has_sheet": true}}, {"type": "Feature", "geometry": {"type": "Polygon", "coordinates": [[[105.30929788226136, -2.1671457385315605], [105.39263121559469, -2.1671457385315605], [105.39263121559469, -2.250479071864894], [105.30929788226136, -2.250479071864894], [105.30929788226136, -2.1671457385315605]]]}, "properties": {"cell_col": 2, "cell_row": 2, "sheet_id": "32-XXV-l", "has_sheet": false}}, {"type": "Feature", "geometry": {"type": "Polygon", "coordinates": [[[105.30929788226136, -2.250479071864894], [105.39263121559469, -2.250479071864894], [105.39263121559469, -2.3338124051982274], [105.30929788226136, -2.3338124051982274], [105.30929788226136, -2.250479071864894]]]}, "properties": {"cell_col": 2, "cell_row": 3, "sheet_id": "32-XXV-p", "has_sheet": false}}, {"type": "Feature", "geometry": {"type": "Polygon", "coordinates": [[[105.30929788226136, -2.3338124051982274], [105.39263121559469, -2.3338124051982274], [105.39263121559469, -2.417145738531561], [105.30929788226136, -2.417145738531561], [105.30929788226136, -2.3338124051982274]]]}, "properties": {"cell_col": 2, "cell_row": 4, "sheet_id": "32-XXVI-c", "has_sheet": false}}, {"type": "Feature", "geometry": {"type": "Polygon", "coordinates": [[[105.30929788226136, -2.4171457385315605], [105.39263121559469, -2.4171457385315605], [105.39263121559469, -2.500479071864894], [105.30929788226136, -2.500479071864894], [105.30929788226136, -2.4171457385315605]]]}, "properties": {"cell_col": 2, "cell_row": 5, "sheet_id": "32-XXVI-g", "has_sheet": false}}, {"type": "Feature", "geometry": {"type": "Polygon", "coordinates": [[[105.30929788226136, -2.500479071864894], [105.39263121559469, -2.500479071864894], [105.39263121559469, -2.5838124051982274], [105.30929788226136, -2.5838124051982274], [105.30929788226136, -2.500479071864894]]]}, "properties": {"cell_col": 2, "cell_row": 6, "sheet_id": "32-XXVI-l", "has_sheet": false}}, {"type": "Feature", "geometry": {"type": "Polygon", "coordinates": [[[105.30929788226136, -2.583812405198227], [105.39263121559469, -2.583812405198227], [105.39263121559469, -2.6671457385315605], [105.30929788226136, -2.6671457385315605], [105.30929788226136, -2.583812405198227]]]}, "properties": {"cell_col": 2, "cell_row": 7, "sheet_id": "32-XXVI-p", "has_sheet": false}}, {"type": "Feature", "geometry": {"type": "Polygon", "coordinates": [[[105.30929788226136, -2.6671457385315605], [105.39263121559469, -2.6671457385315605], [105.39263121559469, -2.750479071864894], [105.30929788226136, -2.750479071864894], [105.30929788226136, -2.6671457385315605]]]}, "properties": {"cell_col": 2, "cell_row": 8, "sheet_id": "32-XXVII-c", "has_sheet": false}}, {"type": "Feature", "geometry": {"type": "Polygon", "coordinates": [[[105.30929788226136, -2.750479071864894], [105.39263121559469, -2.750479071864894], [105.39263121559469, -2.8338124051982274], [105.30929788226136, -2.8338124051982274], [105.30929788226136, -2.750479071864894]]]}, "properties": {"cell_col": 2, "cell_row": 9, "sheet_id": "32-XXVII-g", "has_sheet": false}}, {"type": "Feature", "geometry": {"type": "Polygon", "coordinates": [[[105.30929788226136, -2.833812405198227], [105.39263121559469, -2.833812405198227], [105.39263121559469, -2.9171457385315605], [105.30929788226136, -2.9171457385315605], [105.30929788226136, -2.833812405198227]]]}, "properties": {"cell_col": 2, "cell_row": 10, "sheet_id": "32-XXVII-l", "has_sheet": false}}, {"type": "Feature", "geometry": {"type": "Polygon", "coordinates": [[[105.30929788226136, -2.9171457385315605], [105.39263121559469, -2.9171457385315605], [105.39263121559469, -3.000479071864894], [105.30929788226136, -3.000479071864894], [105.30929788226136, -2.9171457385315605]]]}, "properties": {"cell_col": 2, "cell_row": 11, "sheet_id": "32-XXVII-p", "has_sheet": false}}, {"type": "Feature", "geometry": {"type": "Polygon", "coordinates": [[[105.30929788226136, -3.000479071864894], [105.39263121559469, -3.000479071864894], [105.39263121559469, -3.0838124051982274], [105.30929788226136, -3.0838124051982274], [105.30929788226136, -3.000479071864894]]]}, "properties": {"cell_col": 2, "cell_row": 12, "sheet_id": "32-XXVIII-c", "has_sheet": false}}, {"type": "Feature", "geometry": {"type": "Polygon", "coordinates": [[[105.30929788226136, -3.083812405198227], [105.39263121559469, -3.083812405198227], [105.39263121559469, -3.1671457385315605], [105.30929788226136, -3.1671457385315605], [105.30929788226136, -3.083812405198227]]]}, "properties": {"cell_col": 2, "cell_row": 13, "sheet_id": "32-XXVIII-g", "has_sheet": false}}, {"type": "Feature", "geometry": {"type": "Polygon", "coordinates": [[[105.30929788226136, -3.1671457385315605], [105.39263121559469, -3.1671457385315605], [105.39263121559469, -3.250479071864894], [105.30929788226136, -3.250479071864894], [105.30929788226136, -3.1671457385315605]]]}, "properties": {"cell_col": 2, "cell_row": 14, "sheet_id": "32-XXVIII-l", "has_sheet": false}}, {"type": "Feature", "geometry": {"type": "Polygon", "coordinates": [[[105.39263121559469, -1.3338124051982274], [105.47596454892802, -1.3338124051982274], [105.47596454892802, -1.4171457385315607], [105.39263121559469, -1.4171457385315607], [105.39263121559469, -1.3338124051982274]]]}, "properties": {"cell_col": 3, "cell_row": -8, "sheet_id": "32-XXIII-d", "has_sheet": false}}, {"type": "Feature", "geometry": {"type": "Polygon", "coordinates": [[[105.39263121559469, -1.4171457385315607], [105.47596454892802, -1.4171457385315607], [105.47596454892802, -1.500479071864894], [105.39263121559469, -1.500479071864894], [105.39263121559469, -1.4171457385315607]]]}, "properties": {"cell_col": 3, "cell_row": -7, "sheet_id": "32-XXIII-h", "has_sheet": false}}, {"type": "Feature", "geometry": {"type": "Polygon", "coordinates": [[[105.39263121559469, -1.500479071864894], [105.47596454892802, -1.500479071864894], [105.47596454892802, -1.5838124051982272], [105.39263121559469, -1.5838124051982272], [105.39263121559469, -1.500479071864894]]]}, "properties": {"cell_col": 3, "cell_row": -6, "sheet_id": "32-XXIII-m", "has_sheet": true}}, {"type": "Feature", "geometry": {"type": "Polygon", "coordinates": [[[105.39263121559469, -1.5838124051982274], [105.47596454892802, -1.5838124051982274], [105.47596454892802, -1.6671457385315607], [105.39263121559469, -1.6671457385315607], [105.39263121559469, -1.5838124051982274]]]}, "properties": {"cell_col": 3, "cell_row": -5, "sheet_id": "32-XXIII-q", "has_sheet": true}}, {"type": "Feature", "geometry": {"type": "Polygon", "coordinates": [[[105.39263121559469, -1.6671457385315607], [105.47596454892802, -1.6671457385315607], [105.47596454892802, -1.750479071864894], [105.39263121559469, -1.750479071864894], [105.39263121559469, -1.6671457385315607]]]}, "properties": {"cell_col": 3, "cell_row": -4, "sheet_id": "32-XXIV-d", "has_sheet": true}}, {"type": "Feature", "geometry": {"type": "Polygon", "coordinates": [[[105.39263121559469, -1.750479071864894], [105.47596454892802, -1.750479071864894], [105.47596454892802, -1.8338124051982272], [105.39263121559469, -1.8338124051982272], [105.39263121559469, -1.750479071864894]]]}, "properties": {"cell_col": 3, "cell_row": -3, "sheet_id": "32-XXIV-h", "has_sheet": true}}, {"type": "Feature", "geometry": {"type": "Polygon", "coordinates": [[[105.39263121559469, -1.8338124051982272], [105.47596454892802, -1.8338124051982272], [105.47596454892802, -1.9171457385315605], [105.39263121559469, -1.9171457385315605], [105.39263121559469, -1.8338124051982272]]]}, "properties": {"cell_col": 3, "cell_row": -2, "sheet_id": "32-XXIV-m", "has_sheet": true}}, {"type": "Feature", "geometry": {"type": "Polygon", "coordinates": [[[105.39263121559469, -1.9171457385315607], [105.47596454892802, -1.9171457385315607], [105.47596454892802, -2.000479071864894], [105.39263121559469, -2.000479071864894], [105.39263121559469, -1.9171457385315607]]]}, "properties": {"cell_col": 3, "cell_row": -1, "sheet_id": "32-XXIV-q", "has_sheet": true}}, {"type": "Feature", "geometry": {"type": "Polygon", "coordinates": [[[105.39263121559469, -2.000479071864894], [105.47596454892802, -2.000479071864894], [105.47596454892802, -2.0838124051982274], [105.39263121559469, -2.0838124051982274], [105.39263121559469, -2.000479071864894]]]}, "properties": {"cell_col": 3, "cell_row": 0, "sheet_id": "32-XXV-d", "has_sheet": true}}, {"type": "Feature", "geometry": {"type": "Polygon", "coordinates": [[[105.39263121559469, -2.0838124051982274], [105.47596454892802, -2.0838124051982274], [105.47596454892802, -2.167145738531561], [105.39263121559469, -2.167145738531561], [105.39263121559469, -2.0838124051982274]]]}, "properties": {"cell_col": 3, "cell_row": 1, "sheet_id": "32-XXV-h", "has_sheet": true}}, {"type": "Feature", "geometry": {"type": "Polygon", "coordinates": [[[105.39263121559469, -2.1671457385315605], [105.47596454892802, -2.1671457385315605], [105.47596454892802, -2.250479071864894], [105.39263121559469, -2.250479071864894], [105.39263121559469, -2.1671457385315605]]]}, "properties": {"cell_col": 3, "cell_row": 2, "sheet_id": "32-XXV-m", "has_sheet": false}}, {"type": "Feature", "geometry": {"type": "Polygon", "coordinates": [[[105.39263121559469, -2.250479071864894], [105.47596454892802, -2.250479071864894], [105.47596454892802, -2.3338124051982274], [105.39263121559469, -2.3338124051982274], [105.39263121559469, -2.250479071864894]]]}, "properties": {"cell_col": 3, "cell_row": 3, "sheet_id": "32-XXV-q", "has_sheet": false}}, {"type": "Feature", "geometry": {"type": "Polygon", "coordinates": [[[105.39263121559469, -2.3338124051982274], [105.47596454892802, -2.3338124051982274], [105.47596454892802, -2.417145738531561], [105.39263121559469, -2.417145738531561], [105.39263121559469, -2.3338124051982274]]]}, "properties": {"cell_col": 3, "cell_row": 4, "sheet_id": "32-XXVI-d", "has_sheet": false}}, {"type": "Feature", "geometry": {"type": "Polygon", "coordinates": [[[105.39263121559469, -2.4171457385315605], [105.47596454892802, -2.4171457385315605], [105.47596454892802, -2.500479071864894], [105.39263121559469, -2.500479071864894], [105.39263121559469, -2.4171457385315605]]]}, "properties": {"cell_col": 3, "cell_row": 5, "sheet_id": "32-XXVI-h", "has_sheet": false}}, {"type": "Feature", "geometry": {"type": "Polygon", "coordinates": [[[105.39263121559469, -2.500479071864894], [105.47596454892802, -2.500479071864894], [105.47596454892802, -2.5838124051982274], [105.39263121559469, -2.5838124051982274], [105.39263121559469, -2.500479071864894]]]}, "properties": {"cell_col": 3, "cell_row": 6, "sheet_id": "32-XXVI-m", "has_sheet": false}}, {"type": "Feature", "geometry": {"type": "Polygon", "coordinates": [[[105.39263121559469, -2.583812405198227], [105.47596454892802, -2.583812405198227], [105.47596454892802, -2.6671457385315605], [105.39263121559469, -2.6671457385315605], [105.39263121559469, -2.583812405198227]]]}, "properties": {"cell_col": 3, "cell_row": 7, "sheet_id": "32-XXVI-q", "has_sheet": false}}, {"type": "Feature", "geometry": {"type": "Polygon", "coordinates": [[[105.39263121559469, -2.6671457385315605], [105.47596454892802, -2.6671457385315605], [105.47596454892802, -2.750479071864894], [105.39263121559469, -2.750479071864894], [105.39263121559469, -2.6671457385315605]]]}, "properties": {"cell_col": 3, "cell_row": 8, "sheet_id": "32-XXVII-d", "has_sheet": false}}, {"type": "Feature", "geometry": {"type": "Polygon", "coordinates": [[[105.39263121559469, -2.750479071864894], [105.47596454892802, -2.750479071864894], [105.47596454892802, -2.8338124051982274], [105.39263121559469, -2.8338124051982274], [105.39263121559469, -2.750479071864894]]]}, "properties": {"cell_col": 3, "cell_row": 9, "sheet_id": "32-XXVII-h", "has_sheet": false}}, {"type": "Feature", "geometry": {"type": "Polygon", "coordinates": [[[105.39263121559469, -2.833812405198227], [105.47596454892802, -2.833812405198227], [105.47596454892802, -2.9171457385315605], [105.39263121559469, -2.9171457385315605], [105.39263121559469, -2.833812405198227]]]}, "properties": {"cell_col": 3, "cell_row": 10, "sheet_id": "32-XXVII-m", "has_sheet": false}}, {"type": "Feature", "geometry": {"type": "Polygon", "coordinates": [[[105.39263121559469, -2.9171457385315605], [105.47596454892802, -2.9171457385315605], [105.47596454892802, -3.000479071864894], [105.39263121559469, -3.000479071864894], [105.39263121559469, -2.9171457385315605]]]}, "properties": {"cell_col": 3, "cell_row": 11, "sheet_id": "32-XXVII-q", "has_sheet": false}}, {"type": "Feature", "geometry": {"type": "Polygon", "coordinates": [[[105.39263121559469, -3.000479071864894], [105.47596454892802, -3.000479071864894], [105.47596454892802, -3.0838124051982274], [105.39263121559469, -3.0838124051982274], [105.39263121559469, -3.000479071864894]]]}, "properties": {"cell_col": 3, "cell_row": 12, "sheet_id": "32-XXVIII-d", "has_sheet": false}}, {"type": "Feature", "geometry": {"type": "Polygon", "coordinates": [[[105.39263121559469, -3.083812405198227], [105.47596454892802, -3.083812405198227], [105.47596454892802, -3.1671457385315605], [105.39263121559469, -3.1671457385315605], [105.39263121559469, -3.083812405198227]]]}, "properties": {"cell_col": 3, "cell_row": 13, "sheet_id": "32-XXVIII-h", "has_sheet": false}}, {"type": "Feature", "geometry": {"type": "Polygon", "coordinates": [[[105.39263121559469, -3.1671457385315605], [105.47596454892802, -3.1671457385315605], [105.47596454892802, -3.250479071864894], [105.39263121559469, -3.250479071864894], [105.39263121559469, -3.1671457385315605]]]}, "properties": {"cell_col": 3, "cell_row": 14, "sheet_id": "32-XXVIII-m", "has_sheet": false}}, {"type": "Feature", "geometry": {"type": "Polygon", "coordinates": [[[105.47596454892802, -1.3338124051982274], [105.55929788226135, -1.3338124051982274], [105.55929788226135, -1.4171457385315607], [105.47596454892802, -1.4171457385315607], [105.47596454892802, -1.3338124051982274]]]}, "properties": {"cell_col": 4, "cell_row": -8, "sheet_id": "33-XXIII-a", "has_sheet": false}}, {"type": "Feature", "geometry": {"type": "Polygon", "coordinates": [[[105.47596454892802, -1.4171457385315607], [105.55929788226135, -1.4171457385315607], [105.55929788226135, -1.500479071864894], [105.47596454892802, -1.500479071864894], [105.47596454892802, -1.4171457385315607]]]}, "properties": {"cell_col": 4, "cell_row": -7, "sheet_id": "33-XXIII-e", "has_sheet": false}}, {"type": "Feature", "geometry": {"type": "Polygon", "coordinates": [[[105.47596454892802, -1.500479071864894], [105.55929788226135, -1.500479071864894], [105.55929788226135, -1.5838124051982272], [105.47596454892802, -1.5838124051982272], [105.47596454892802, -1.500479071864894]]]}, "properties": {"cell_col": 4, "cell_row": -6, "sheet_id": "33-XXIII-i", "has_sheet": true}}, {"type": "Feature", "geometry": {"type": "Polygon", "coordinates": [[[105.47596454892802, -1.5838124051982274], [105.55929788226135, -1.5838124051982274], [105.55929788226135, -1.6671457385315607], [105.47596454892802, -1.6671457385315607], [105.47596454892802, -1.5838124051982274]]]}, "properties": {"cell_col": 4, "cell_row": -5, "sheet_id": "33-XXIII-n", "has_sheet": true}}, {"type": "Feature", "geometry": {"type": "Polygon", "coordinates": [[[105.47596454892802, -1.6671457385315607], [105.55929788226135, -1.6671457385315607], [105.55929788226135, -1.750479071864894], [105.47596454892802, -1.750479071864894], [105.47596454892802, -1.6671457385315607]]]}, "properties": {"cell_col": 4, "cell_row": -4, "sheet_id": "33-XXIV-a", "has_sheet": true}}, {"type": "Feature", "geometry": {"type": "Polygon", "coordinates": [[[105.47596454892802, -1.750479071864894], [105.55929788226135, -1.750479071864894], [105.55929788226135, -1.8338124051982272], [105.47596454892802, -1.8338124051982272], [105.47596454892802, -1.750479071864894]]]}, "properties": {"cell_col": 4, "cell_row": -3, "sheet_id": "33-XXIV-e", "has_sheet": true}}, {"type": "Feature", "geometry": {"type": "Polygon", "coordinates": [[[105.47596454892802, -1.8338124051982272], [105.55929788226135, -1.8338124051982272], [105.55929788226135, -1.9171457385315605], [105.47596454892802, -1.9171457385315605], [105.47596454892802, -1.8338124051982272]]]}, "properties": {"cell_col": 4, "cell_row": -2, "sheet_id": "33-XXIV-i", "has_sheet": true}}, {"type": "Feature", "geometry": {"type": "Polygon", "coordinates": [[[105.47596454892802, -1.9171457385315607], [105.55929788226135, -1.9171457385315607], [105.55929788226135, -2.000479071864894], [105.47596454892802, -2.000479071864894], [105.47596454892802, -1.9171457385315607]]]}, "properties": {"cell_col": 4, "cell_row": -1, "sheet_id": "33-XXIV-n", "has_sheet": true}}, {"type": "Feature", "geometry": {"type": "Polygon", "coordinates": [[[105.47596454892802, -2.000479071864894], [105.55929788226135, -2.000479071864894], [105.55929788226135, -2.0838124051982274], [105.47596454892802, -2.0838124051982274], [105.47596454892802, -2.000479071864894]]]}, "properties": {"cell_col": 4, "cell_row": 0, "sheet_id": "33-XXV-a", "has_sheet": true}}, {"type": "Feature", "geometry": {"type": "Polygon", "coordinates": [[[105.47596454892802, -2.0838124051982274], [105.55929788226135, -2.0838124051982274], [105.55929788226135, -2.167145738531561], [105.47596454892802, -2.167145738531561], [105.47596454892802, -2.0838124051982274]]]}, "properties": {"cell_col": 4, "cell_row": 1, "sheet_id": "33-XXV-e", "has_sheet": true}}, {"type": "Feature", "geometry": {"type": "Polygon", "coordinates": [[[105.47596454892802, -2.1671457385315605], [105.55929788226135, -2.1671457385315605], [105.55929788226135, -2.250479071864894], [105.47596454892802, -2.250479071864894], [105.47596454892802, -2.1671457385315605]]]}, "properties": {"cell_col": 4, "cell_row": 2, "sheet_id": "33-XXV-i", "has_sheet": false}}, {"type": "Feature", "geometry": {"type": "Polygon", "coordinates": [[[105.47596454892802, -2.250479071864894], [105.55929788226135, -2.250479071864894], [105.55929788226135, -2.3338124051982274], [105.47596454892802, -2.3338124051982274], [105.47596454892802, -2.250479071864894]]]}, "properties": {"cell_col": 4, "cell_row": 3, "sheet_id": "33-XXV-n", "has_sheet": false}}, {"type": "Feature", "geometry": {"type": "Polygon", "coordinates": [[[105.47596454892802, -2.3338124051982274], [105.55929788226135, -2.3338124051982274], [105.55929788226135, -2.417145738531561], [105.47596454892802, -2.417145738531561], [105.47596454892802, -2.3338124051982274]]]}, "properties": {"cell_col": 4, "cell_row": 4, "sheet_id": "33-XXVI-a", "has_sheet": false}}, {"type": "Feature", "geometry": {"type": "Polygon", "coordinates": [[[105.47596454892802, -2.4171457385315605], [105.55929788226135, -2.4171457385315605], [105.55929788226135, -2.500479071864894], [105.47596454892802, -2.500479071864894], [105.47596454892802, -2.4171457385315605]]]}, "properties": {"cell_col": 4, "cell_row": 5, "sheet_id": "33-XXVI-e", "has_sheet": false}}, {"type": "Feature", "geometry": {"type": "Polygon", "coordinates": [[[105.47596454892802, -2.500479071864894], [105.55929788226135, -2.500479071864894], [105.55929788226135, -2.5838124051982274], [105.47596454892802, -2.5838124051982274], [105.47596454892802, -2.500479071864894]]]}, "properties": {"cell_col": 4, "cell_row": 6, "sheet_id": "33-XXVI-i", "has_sheet": false}}, {"type": "Feature", "geometry": {"type": "Polygon", "coordinates": [[[105.47596454892802, -2.583812405198227], [105.55929788226135, -2.583812405198227], [105.55929788226135, -2.6671457385315605], [105.47596454892802, -2.6671457385315605], [105.47596454892802, -2.583812405198227]]]}, "properties": {"cell_col": 4, "cell_row": 7, "sheet_id": "33-XXVI-n", "has_sheet": false}}, {"type": "Feature", "geometry": {"type": "Polygon", "coordinates": [[[105.47596454892802, -2.6671457385315605], [105.55929788226135, -2.6671457385315605], [105.55929788226135, -2.750479071864894], [105.47596454892802, -2.750479071864894], [105.47596454892802, -2.6671457385315605]]]}, "properties": {"cell_col": 4, "cell_row": 8, "sheet_id": "33-XXVII-a", "has_sheet": false}}, {"type": "Feature", "geometry": {"type": "Polygon", "coordinates": [[[105.47596454892802, -2.750479071864894], [105.55929788226135, -2.750479071864894], [105.55929788226135, -2.8338124051982274], [105.47596454892802, -2.8338124051982274], [105.47596454892802, -2.750479071864894]]]}, "properties": {"cell_col": 4, "cell_row": 9, "sheet_id": "33-XXVII-e", "has_sheet": false}}, {"type": "Feature", "geometry": {"type": "Polygon", "coordinates": [[[105.47596454892802, -2.833812405198227], [105.55929788226135, -2.833812405198227], [105.55929788226135, -2.9171457385315605], [105.47596454892802, -2.9171457385315605], [105.47596454892802, -2.833812405198227]]]}, "properties": {"cell_col": 4, "cell_row": 10, "sheet_id": "33-XXVII-i", "has_sheet": false}}, {"type": "Feature", "geometry": {"type": "Polygon", "coordinates": [[[105.47596454892802, -2.9171457385315605], [105.55929788226135, -2.9171457385315605], [105.55929788226135, -3.000479071864894], [105.47596454892802, -3.000479071864894], [105.47596454892802, -2.9171457385315605]]]}, "properties": {"cell_col": 4, "cell_row": 11, "sheet_id": "33-XXVII-n", "has_sheet": false}}, {"type": "Feature", "geometry": {"type": "Polygon", "coordinates": [[[105.47596454892802, -3.000479071864894], [105.55929788226135, -3.000479071864894], [105.55929788226135, -3.0838124051982274], [105.47596454892802, -3.0838124051982274], [105.47596454892802, -3.000479071864894]]]}, "properties": {"cell_col": 4, "cell_row": 12, "sheet_id": "33-XXVIII-a", "has_sheet": false}}, {"type": "Feature", "geometry": {"type": "Polygon", "coordinates": [[[105.47596454892802, -3.083812405198227], [105.55929788226135, -3.083812405198227], [105.55929788226135, -3.1671457385315605], [105.47596454892802, -3.1671457385315605], [105.47596454892802, -3.083812405198227]]]}, "properties": {"cell_col": 4, "cell_row": 13, "sheet_id": "33-XXVIII-e", "has_sheet": false}}, {"type": "Feature", "geometry": {"type": "Polygon", "coordinates": [[[105.47596454892802, -3.1671457385315605], [105.55929788226135, -3.1671457385315605], [105.55929788226135, -3.250479071864894], [105.47596454892802, -3.250479071864894], [105.47596454892802, -3.1671457385315605]]]}, "properties": {"cell_col": 4, "cell_row": 14, "sheet_id": "33-XXVIII-i", "has_sheet": false}}, {"type": "Feature", "geometry": {"type": "Polygon", "coordinates": [[[105.55929788226136, -1.3338124051982274], [105.64263121559469, -1.3338124051982274], [105.64263121559469, -1.4171457385315607], [105.55929788226136, -1.4171457385315607], [105.55929788226136, -1.3338124051982274]]]}, "properties": {"cell_col": 5, "cell_row": -8, "sheet_id": "33-XXIII-b", "has_sheet": false}}, {"type": "Feature", "geometry": {"type": "Polygon", "coordinates": [[[105.55929788226136, -1.4171457385315607], [105.64263121559469, -1.4171457385315607], [105.64263121559469, -1.500479071864894], [105.55929788226136, -1.500479071864894], [105.55929788226136, -1.4171457385315607]]]}, "properties": {"cell_col": 5, "cell_row": -7, "sheet_id": "33-XXIII-f", "has_sheet": false}}, {"type": "Feature", "geometry": {"type": "Polygon", "coordinates": [[[105.55929788226136, -1.500479071864894], [105.64263121559469, -1.500479071864894], [105.64263121559469, -1.5838124051982272], [105.55929788226136, -1.5838124051982272], [105.55929788226136, -1.500479071864894]]]}, "properties": {"cell_col": 5, "cell_row": -6, "sheet_id": "33-XXIII-k", "has_sheet": true}}, {"type": "Feature", "geometry": {"type": "Polygon", "coordinates": [[[105.55929788226136, -1.5838124051982274], [105.64263121559469, -1.5838124051982274], [105.64263121559469, -1.6671457385315607], [105.55929788226136, -1.6671457385315607], [105.55929788226136, -1.5838124051982274]]]}, "properties": {"cell_col": 5, "cell_row": -5, "sheet_id": "33-XXIII-o", "has_sheet": true}}, {"type": "Feature", "geometry": {"type": "Polygon", "coordinates": [[[105.55929788226136, -1.6671457385315607], [105.64263121559469, -1.6671457385315607], [105.64263121559469, -1.750479071864894], [105.55929788226136, -1.750479071864894], [105.55929788226136, -1.6671457385315607]]]}, "properties": {"cell_col": 5, "cell_row": -4, "sheet_id": "33-XXIV-b", "has_sheet": true}}, {"type": "Feature", "geometry": {"type": "Polygon", "coordinates": [[[105.55929788226136, -1.750479071864894], [105.64263121559469, -1.750479071864894], [105.64263121559469, -1.8338124051982272], [105.55929788226136, -1.8338124051982272], [105.55929788226136, -1.750479071864894]]]}, "properties": {"cell_col": 5, "cell_row": -3, "sheet_id": "33-XXIV-f", "has_sheet": true}}, {"type": "Feature", "geometry": {"type": "Polygon", "coordinates": [[[105.55929788226136, -1.8338124051982272], [105.64263121559469, -1.8338124051982272], [105.64263121559469, -1.9171457385315605], [105.55929788226136, -1.9171457385315605], [105.55929788226136, -1.8338124051982272]]]}, "properties": {"cell_col": 5, "cell_row": -2, "sheet_id": "33-XXIV-k", "has_sheet": true}}, {"type": "Feature", "geometry": {"type": "Polygon", "coordinates": [[[105.55929788226136, -1.9171457385315607], [105.64263121559469, -1.9171457385315607], [105.64263121559469, -2.000479071864894], [105.55929788226136, -2.000479071864894], [105.55929788226136, -1.9171457385315607]]]}, "properties": {"cell_col": 5, "cell_row": -1, "sheet_id": "33-XXIV-o", "has_sheet": true}}, {"type": "Feature", "geometry": {"type": "Polygon", "coordinates": [[[105.55929788226136, -2.000479071864894], [105.64263121559469, -2.000479071864894], [105.64263121559469, -2.0838124051982274], [105.55929788226136, -2.0838124051982274], [105.55929788226136, -2.000479071864894]]]}, "properties": {"cell_col": 5, "cell_row": 0, "sheet_id": "33-XXV-b", "has_sheet": true}}, {"type": "Feature", "geometry": {"type": "Polygon", "coordinates": [[[105.55929788226136, -2.0838124051982274], [105.64263121559469, -2.0838124051982274], [105.64263121559469, -2.167145738531561], [105.55929788226136, -2.167145738531561], [105.55929788226136, -2.0838124051982274]]]}, "properties": {"cell_col": 5, "cell_row": 1, "sheet_id": "33-XXV-f", "has_sheet": true}}, {"type": "Feature", "geometry": {"type": "Polygon", "coordinates": [[[105.55929788226136, -2.1671457385315605], [105.64263121559469, -2.1671457385315605], [105.64263121559469, -2.250479071864894], [105.55929788226136, -2.250479071864894], [105.55929788226136, -2.1671457385315605]]]}, "properties": {"cell_col": 5, "cell_row": 2, "sheet_id": "33-XXV-k", "has_sheet": false}}, {"type": "Feature", "geometry": {"type": "Polygon", "coordinates": [[[105.55929788226136, -2.250479071864894], [105.64263121559469, -2.250479071864894], [105.64263121559469, -2.3338124051982274], [105.55929788226136, -2.3338124051982274], [105.55929788226136, -2.250479071864894]]]}, "properties": {"cell_col": 5, "cell_row": 3, "sheet_id": "33-XXV-o", "has_sheet": false}}, {"type": "Feature", "geometry": {"type": "Polygon", "coordinates": [[[105.55929788226136, -2.3338124051982274], [105.64263121559469, -2.3338124051982274], [105.64263121559469, -2.417145738531561], [105.55929788226136, -2.417145738531561], [105.55929788226136, -2.3338124051982274]]]}, "properties": {"cell_col": 5, "cell_row": 4, "sheet_id": "33-XXVI-b", "has_sheet": false}}, {"type": "Feature", "geometry": {"type": "Polygon", "coordinates": [[[105.55929788226136, -2.4171457385315605], [105.64263121559469, -2.4171457385315605], [105.64263121559469, -2.500479071864894], [105.55929788226136, -2.500479071864894], [105.55929788226136, -2.4171457385315605]]]}, "properties": {"cell_col": 5, "cell_row": 5, "sheet_id": "33-XXVI-f", "has_sheet": false}}, {"type": "Feature", "geometry": {"type": "Polygon", "coordinates": [[[105.55929788226136, -2.500479071864894], [105.64263121559469, -2.500479071864894], [105.64263121559469, -2.5838124051982274], [105.55929788226136, -2.5838124051982274], [105.55929788226136, -2.500479071864894]]]}, "properties": {"cell_col": 5, "cell_row": 6, "sheet_id": "33-XXVI-k", "has_sheet": false}}, {"type": "Feature", "geometry": {"type": "Polygon", "coordinates": [[[105.55929788226136, -2.583812405198227], [105.64263121559469, -2.583812405198227], [105.64263121559469, -2.6671457385315605], [105.55929788226136, -2.6671457385315605], [105.55929788226136, -2.583812405198227]]]}, "properties": {"cell_col": 5, "cell_row": 7, "sheet_id": "33-XXVI-o", "has_sheet": false}}, {"type": "Feature", "geometry": {"type": "Polygon", "coordinates": [[[105.55929788226136, -2.6671457385315605], [105.64263121559469, -2.6671457385315605], [105.64263121559469, -2.750479071864894], [105.55929788226136, -2.750479071864894], [105.55929788226136, -2.6671457385315605]]]}, "properties": {"cell_col": 5, "cell_row": 8, "sheet_id": "33-XXVII-b", "has_sheet": false}}, {"type": "Feature", "geometry": {"type": "Polygon", "coordinates": [[[105.55929788226136, -2.750479071864894], [105.64263121559469, -2.750479071864894], [105.64263121559469, -2.8338124051982274], [105.55929788226136, -2.8338124051982274], [105.55929788226136, -2.750479071864894]]]}, "properties": {"cell_col": 5, "cell_row": 9, "sheet_id": "33-XXVII-f", "has_sheet": false}}, {"type": "Feature", "geometry": {"type": "Polygon", "coordinates": [[[105.55929788226136, -2.833812405198227], [105.64263121559469, -2.833812405198227], [105.64263121559469, -2.9171457385315605], [105.55929788226136, -2.9171457385315605], [105.55929788226136, -2.833812405198227]]]}, "properties": {"cell_col": 5, "cell_row": 10, "sheet_id": "33-XXVII-k", "has_sheet": false}}, {"type": "Feature", "geometry": {"type": "Polygon", "coordinates": [[[105.55929788226136, -2.9171457385315605], [105.64263121559469, -2.9171457385315605], [105.64263121559469, -3.000479071864894], [105.55929788226136, -3.000479071864894], [105.55929788226136, -2.9171457385315605]]]}, "properties": {"cell_col": 5, "cell_row": 11, "sheet_id": "33-XXVII-o", "has_sheet": false}}, {"type": "Feature", "geometry": {"type": "Polygon", "coordinates": [[[105.55929788226136, -3.000479071864894], [105.64263121559469, -3.000479071864894], [105.64263121559469, -3.0838124051982274], [105.55929788226136, -3.0838124051982274], [105.55929788226136, -3.000479071864894]]]}, "properties": {"cell_col": 5, "cell_row": 12, "sheet_id": "33-XXVIII-b", "has_sheet": false}}, {"type": "Feature", "geometry": {"type": "Polygon", "coordinates": [[[105.55929788226136, -3.083812405198227], [105.64263121559469, -3.083812405198227], [105.64263121559469, -3.1671457385315605], [105.55929788226136, -3.1671457385315605], [105.55929788226136, -3.083812405198227]]]}, "properties": {"cell_col": 5, "cell_row": 13, "sheet_id": "33-XXVIII-f", "has_sheet": false}}, {"type": "Feature", "geometry": {"type": "Polygon", "coordinates": [[[105.55929788226136, -3.1671457385315605], [105.64263121559469, -3.1671457385315605], [105.64263121559469, -3.250479071864894], [105.55929788226136, -3.250479071864894], [105.55929788226136, -3.1671457385315605]]]}, "properties": {"cell_col": 5, "cell_row": 14, "sheet_id": "33-XXVIII-k", "has_sheet": false}}, {"type": "Feature", "geometry": {"type": "Polygon", "coordinates": [[[105.64263121559469, -1.3338124051982274], [105.72596454892802, -1.3338124051982274], [105.72596454892802, -1.4171457385315607], [105.64263121559469, -1.4171457385315607], [105.64263121559469, -1.3338124051982274]]]}, "properties": {"cell_col": 6, "cell_row": -8, "sheet_id": "33-XXIII-c", "has_sheet": false}}, {"type": "Feature", "geometry": {"type": "Polygon", "coordinates": [[[105.64263121559469, -1.4171457385315607], [105.72596454892802, -1.4171457385315607], [105.72596454892802, -1.500479071864894], [105.64263121559469, -1.500479071864894], [105.64263121559469, -1.4171457385315607]]]}, "properties": {"cell_col": 6, "cell_row": -7, "sheet_id": "33-XXIII-g", "has_sheet": false}}, {"type": "Feature", "geometry": {"type": "Polygon", "coordinates": [[[105.64263121559469, -1.500479071864894], [105.72596454892802, -1.500479071864894], [105.72596454892802, -1.5838124051982272], [105.64263121559469, -1.5838124051982272], [105.64263121559469, -1.500479071864894]]]}, "properties": {"cell_col": 6, "cell_row": -6, "sheet_id": "33-XXIII-l", "has_sheet": true}}, {"type": "Feature", "geometry": {"type": "Polygon", "coordinates": [[[105.64263121559469, -1.5838124051982274], [105.72596454892802, -1.5838124051982274], [105.72596454892802, -1.6671457385315607], [105.64263121559469, -1.6671457385315607], [105.64263121559469, -1.5838124051982274]]]}, "properties": {"cell_col": 6, "cell_row": -5, "sheet_id": "33-XXIII-p", "has_sheet": true}}, {"type": "Feature", "geometry": {"type": "Polygon", "coordinates": [[[105.64263121559469, -1.6671457385315607], [105.72596454892802, -1.6671457385315607], [105.72596454892802, -1.750479071864894], [105.64263121559469, -1.750479071864894], [105.64263121559469, -1.6671457385315607]]]}, "properties": {"cell_col": 6, "cell_row": -4, "sheet_id": "33-XXIV-c", "has_sheet": true}}, {"type": "Feature", "geometry": {"type": "Polygon", "coordinates": [[[105.64263121559469, -1.750479071864894], [105.72596454892802, -1.750479071864894], [105.72596454892802, -1.8338124051982272], [105.64263121559469, -1.8338124051982272], [105.64263121559469, -1.750479071864894]]]}, "properties": {"cell_col": 6, "cell_row": -3, "sheet_id": "33-XXIV-g", "has_sheet": true}}, {"type": "Feature", "geometry": {"type": "Polygon", "coordinates": [[[105.64263121559469, -1.8338124051982272], [105.72596454892802, -1.8338124051982272], [105.72596454892802, -1.9171457385315605], [105.64263121559469, -1.9171457385315605], [105.64263121559469, -1.8338124051982272]]]}, "properties": {"cell_col": 6, "cell_row": -2, "sheet_id": "33-XXIV-l", "has_sheet": true}}, {"type": "Feature", "geometry": {"type": "Polygon", "coordinates": [[[105.64263121559469, -1.9171457385315607], [105.72596454892802, -1.9171457385315607], [105.72596454892802, -2.000479071864894], [105.64263121559469, -2.000479071864894], [105.64263121559469, -1.9171457385315607]]]}, "properties": {"cell_col": 6, "cell_row": -1, "sheet_id": "33-XXIV-p", "has_sheet": true}}, {"type": "Feature", "geometry": {"type": "Polygon", "coordinates": [[[105.64263121559469, -2.000479071864894], [105.72596454892802, -2.000479071864894], [105.72596454892802, -2.0838124051982274], [105.64263121559469, -2.0838124051982274], [105.64263121559469, -2.000479071864894]]]}, "properties": {"cell_col": 6, "cell_row": 0, "sheet_id": "33-XXV-c", "has_sheet": true}}, {"type": "Feature", "geometry": {"type": "Polygon", "coordinates": [[[105.64263121559469, -2.0838124051982274], [105.72596454892802, -2.0838124051982274], [105.72596454892802, -2.167145738531561], [105.64263121559469, -2.167145738531561], [105.64263121559469, -2.0838124051982274]]]}, "properties": {"cell_col": 6, "cell_row": 1, "sheet_id": "33-XXV-g", "has_sheet": true}}, {"type": "Feature", "geometry": {"type": "Polygon", "coordinates": [[[105.64263121559469, -2.1671457385315605], [105.72596454892802, -2.1671457385315605], [105.72596454892802, -2.250479071864894], [105.64263121559469, -2.250479071864894], [105.64263121559469, -2.1671457385315605]]]}, "properties": {"cell_col": 6, "cell_row": 2, "sheet_id": "33-XXV-l", "has_sheet": false}}, {"type": "Feature", "geometry": {"type": "Polygon", "coordinates": [[[105.64263121559469, -2.250479071864894], [105.72596454892802, -2.250479071864894], [105.72596454892802, -2.3338124051982274], [105.64263121559469, -2.3338124051982274], [105.64263121559469, -2.250479071864894]]]}, "properties": {"cell_col": 6, "cell_row": 3, "sheet_id": "33-XXV-p", "has_sheet": false}}, {"type": "Feature", "geometry": {"type": "Polygon", "coordinates": [[[105.64263121559469, -2.3338124051982274], [105.72596454892802, -2.3338124051982274], [105.72596454892802, -2.417145738531561], [105.64263121559469, -2.417145738531561], [105.64263121559469, -2.3338124051982274]]]}, "properties": {"cell_col": 6, "cell_row": 4, "sheet_id": "33-XXVI-c", "has_sheet": false}}, {"type": "Feature", "geometry": {"type": "Polygon", "coordinates": [[[105.64263121559469, -2.4171457385315605], [105.72596454892802, -2.4171457385315605], [105.72596454892802, -2.500479071864894], [105.64263121559469, -2.500479071864894], [105.64263121559469, -2.4171457385315605]]]}, "properties": {"cell_col": 6, "cell_row": 5, "sheet_id": "33-XXVI-g", "has_sheet": false}}, {"type": "Feature", "geometry": {"type": "Polygon", "coordinates": [[[105.64263121559469, -2.500479071864894], [105.72596454892802, -2.500479071864894], [105.72596454892802, -2.5838124051982274], [105.64263121559469, -2.5838124051982274], [105.64263121559469, -2.500479071864894]]]}, "properties": {"cell_col": 6, "cell_row": 6, "sheet_id": "33-XXVI-l", "has_sheet": false}}, {"type": "Feature", "geometry": {"type": "Polygon", "coordinates": [[[105.64263121559469, -2.583812405198227], [105.72596454892802, -2.583812405198227], [105.72596454892802, -2.6671457385315605], [105.64263121559469, -2.6671457385315605], [105.64263121559469, -2.583812405198227]]]}, "properties": {"cell_col": 6, "cell_row": 7, "sheet_id": "33-XXVI-p", "has_sheet": false}}, {"type": "Feature", "geometry": {"type": "Polygon", "coordinates": [[[105.64263121559469, -2.6671457385315605], [105.72596454892802, -2.6671457385315605], [105.72596454892802, -2.750479071864894], [105.64263121559469, -2.750479071864894], [105.64263121559469, -2.6671457385315605]]]}, "properties": {"cell_col": 6, "cell_row": 8, "sheet_id": "33-XXVII-c", "has_sheet": false}}, {"type": "Feature", "geometry": {"type": "Polygon", "coordinates": [[[105.64263121559469, -2.750479071864894], [105.72596454892802, -2.750479071864894], [105.72596454892802, -2.8338124051982274], [105.64263121559469, -2.8338124051982274], [105.64263121559469, -2.750479071864894]]]}, "properties": {"cell_col": 6, "cell_row": 9, "sheet_id": "33-XXVII-g", "has_sheet": false}}, {"type": "Feature", "geometry": {"type": "Polygon", "coordinates": [[[105.64263121559469, -2.833812405198227], [105.72596454892802, -2.833812405198227], [105.72596454892802, -2.9171457385315605], [105.64263121559469, -2.9171457385315605], [105.64263121559469, -2.833812405198227]]]}, "properties": {"cell_col": 6, "cell_row": 10, "sheet_id": "33-XXVII-l", "has_sheet": false}}, {"type": "Feature", "geometry": {"type": "Polygon", "coordinates": [[[105.64263121559469, -2.9171457385315605], [105.72596454892802, -2.9171457385315605], [105.72596454892802, -3.000479071864894], [105.64263121559469, -3.000479071864894], [105.64263121559469, -2.9171457385315605]]]}, "properties": {"cell_col": 6, "cell_row": 11, "sheet_id": "33-XXVII-p", "has_sheet": false}}, {"type": "Feature", "geometry": {"type": "Polygon", "coordinates": [[[105.64263121559469, -3.000479071864894], [105.72596454892802, -3.000479071864894], [105.72596454892802, -3.0838124051982274], [105.64263121559469, -3.0838124051982274], [105.64263121559469, -3.000479071864894]]]}, "properties": {"cell_col": 6, "cell_row": 12, "sheet_id": "33-XXVIII-c", "has_sheet": false}}, {"type": "Feature", "geometry": {"type": "Polygon", "coordinates": [[[105.64263121559469, -3.083812405198227], [105.72596454892802, -3.083812405198227], [105.72596454892802, -3.1671457385315605], [105.64263121559469, -3.1671457385315605], [105.64263121559469, -3.083812405198227]]]}, "properties": {"cell_col": 6, "cell_row": 13, "sheet_id": "33-XXVIII-g", "has_sheet": false}}, {"type": "Feature", "geometry": {"type": "Polygon", "coordinates": [[[105.64263121559469, -3.1671457385315605], [105.72596454892802, -3.1671457385315605], [105.72596454892802, -3.250479071864894], [105.64263121559469, -3.250479071864894], [105.64263121559469, -3.1671457385315605]]]}, "properties": {"cell_col": 6, "cell_row": 14, "sheet_id": "33-XXVIII-l", "has_sheet": false}}, {"type": "Feature", "geometry": {"type": "Polygon", "coordinates": [[[105.72596454892802, -1.3338124051982274], [105.80929788226135, -1.3338124051982274], [105.80929788226135, -1.4171457385315607], [105.72596454892802, -1.4171457385315607], [105.72596454892802, -1.3338124051982274]]]}, "properties": {"cell_col": 7, "cell_row": -8, "sheet_id": "33-XXIII-d", "has_sheet": false}}, {"type": "Feature", "geometry": {"type": "Polygon", "coordinates": [[[105.72596454892802, -1.4171457385315607], [105.80929788226135, -1.4171457385315607], [105.80929788226135, -1.500479071864894], [105.72596454892802, -1.500479071864894], [105.72596454892802, -1.4171457385315607]]]}, "properties": {"cell_col": 7, "cell_row": -7, "sheet_id": "33-XXIII-h", "has_sheet": false}}, {"type": "Feature", "geometry": {"type": "Polygon", "coordinates": [[[105.72596454892802, -1.500479071864894], [105.80929788226135, -1.500479071864894], [105.80929788226135, -1.5838124051982272], [105.72596454892802, -1.5838124051982272], [105.72596454892802, -1.500479071864894]]]}, "properties": {"cell_col": 7, "cell_row": -6, "sheet_id": "33-XXIII-m", "has_sheet": true}}, {"type": "Feature", "geometry": {"type": "Polygon", "coordinates": [[[105.72596454892802, -1.5838124051982274], [105.80929788226135, -1.5838124051982274], [105.80929788226135, -1.6671457385315607], [105.72596454892802, -1.6671457385315607], [105.72596454892802, -1.5838124051982274]]]}, "properties": {"cell_col": 7, "cell_row": -5, "sheet_id": "33-XXIII-q", "has_sheet": true}}, {"type": "Feature", "geometry": {"type": "Polygon", "coordinates": [[[105.72596454892802, -1.6671457385315607], [105.80929788226135, -1.6671457385315607], [105.80929788226135, -1.750479071864894], [105.72596454892802, -1.750479071864894], [105.72596454892802, -1.6671457385315607]]]}, "properties": {"cell_col": 7, "cell_row": -4, "sheet_id": "33-XXIV-d", "has_sheet": true}}, {"type": "Feature", "geometry": {"type": "Polygon", "coordinates": [[[105.72596454892802, -1.750479071864894], [105.80929788226135, -1.750479071864894], [105.80929788226135, -1.8338124051982272], [105.72596454892802, -1.8338124051982272], [105.72596454892802, -1.750479071864894]]]}, "properties": {"cell_col": 7, "cell_row": -3, "sheet_id": "33-XXIV-h", "has_sheet": true}}, {"type": "Feature", "geometry": {"type": "Polygon", "coordinates": [[[105.72596454892802, -1.8338124051982272], [105.80929788226135, -1.8338124051982272], [105.80929788226135, -1.9171457385315605], [105.72596454892802, -1.9171457385315605], [105.72596454892802, -1.8338124051982272]]]}, "properties": {"cell_col": 7, "cell_row": -2, "sheet_id": "33-XXIV-m", "has_sheet": true}}, {"type": "Feature", "geometry": {"type": "Polygon", "coordinates": [[[105.72596454892802, -1.9171457385315607], [105.80929788226135, -1.9171457385315607], [105.80929788226135, -2.000479071864894], [105.72596454892802, -2.000479071864894], [105.72596454892802, -1.9171457385315607]]]}, "properties": {"cell_col": 7, "cell_row": -1, "sheet_id": "33-XXIV-q", "has_sheet": true}}, {"type": "Feature", "geometry": {"type": "Polygon", "coordinates": [[[105.72596454892802, -2.000479071864894], [105.80929788226135, -2.000479071864894], [105.80929788226135, -2.0838124051982274], [105.72596454892802, -2.0838124051982274], [105.72596454892802, -2.000479071864894]]]}, "properties": {"cell_col": 7, "cell_row": 0, "sheet_id": "33-XXV-d", "has_sheet": true}}, {"type": "Feature", "geometry": {"type": "Polygon", "coordinates": [[[105.72596454892802, -2.0838124051982274], [105.80929788226135, -2.0838124051982274], [105.80929788226135, -2.167145738531561], [105.72596454892802, -2.167145738531561], [105.72596454892802, -2.0838124051982274]]]}, "properties": {"cell_col": 7, "cell_row": 1, "sheet_id": "33-XXV-h", "has_sheet": true}}, {"type": "Feature", "geometry": {"type": "Polygon", "coordinates": [[[105.72596454892802, -2.1671457385315605], [105.80929788226135, -2.1671457385315605], [105.80929788226135, -2.250479071864894], [105.72596454892802, -2.250479071864894], [105.72596454892802, -2.1671457385315605]]]}, "properties": {"cell_col": 7, "cell_row": 2, "sheet_id": "33-XXV-m", "has_sheet": true}}, {"type": "Feature", "geometry": {"type": "Polygon", "coordinates": [[[105.72596454892802, -2.250479071864894], [105.80929788226135, -2.250479071864894], [105.80929788226135, -2.3338124051982274], [105.72596454892802, -2.3338124051982274], [105.72596454892802, -2.250479071864894]]]}, "properties": {"cell_col": 7, "cell_row": 3, "sheet_id": "33-XXV-q", "has_sheet": true}}, {"type": "Feature", "geometry": {"type": "Polygon", "coordinates": [[[105.72596454892802, -2.3338124051982274], [105.80929788226135, -2.3338124051982274], [105.80929788226135, -2.417145738531561], [105.72596454892802, -2.417145738531561], [105.72596454892802, -2.3338124051982274]]]}, "properties": {"cell_col": 7, "cell_row": 4, "sheet_id": "33-XXVI-d", "has_sheet": true}}, {"type": "Feature", "geometry": {"type": "Polygon", "coordinates": [[[105.72596454892802, -2.4171457385315605], [105.80929788226135, -2.4171457385315605], [105.80929788226135, -2.500479071864894], [105.72596454892802, -2.500479071864894], [105.72596454892802, -2.4171457385315605]]]}, "properties": {"cell_col": 7, "cell_row": 5, "sheet_id": "33-XXVI-h", "has_sheet": false}}, {"type": "Feature", "geometry": {"type": "Polygon", "coordinates": [[[105.72596454892802, -2.500479071864894], [105.80929788226135, -2.500479071864894], [105.80929788226135, -2.5838124051982274], [105.72596454892802, -2.5838124051982274], [105.72596454892802, -2.500479071864894]]]}, "properties": {"cell_col": 7, "cell_row": 6, "sheet_id": "33-XXVI-m", "has_sheet": false}}, {"type": "Feature", "geometry": {"type": "Polygon", "coordinates": [[[105.72596454892802, -2.583812405198227], [105.80929788226135, -2.583812405198227], [105.80929788226135, -2.6671457385315605], [105.72596454892802, -2.6671457385315605], [105.72596454892802, -2.583812405198227]]]}, "properties": {"cell_col": 7, "cell_row": 7, "sheet_id": "33-XXVI-q", "has_sheet": false}}, {"type": "Feature", "geometry": {"type": "Polygon", "coordinates": [[[105.72596454892802, -2.6671457385315605], [105.80929788226135, -2.6671457385315605], [105.80929788226135, -2.750479071864894], [105.72596454892802, -2.750479071864894], [105.72596454892802, -2.6671457385315605]]]}, "properties": {"cell_col": 7, "cell_row": 8, "sheet_id": "33-XXVII-d", "has_sheet": false}}, {"type": "Feature", "geometry": {"type": "Polygon", "coordinates": [[[105.72596454892802, -2.750479071864894], [105.80929788226135, -2.750479071864894], [105.80929788226135, -2.8338124051982274], [105.72596454892802, -2.8338124051982274], [105.72596454892802, -2.750479071864894]]]}, "properties": {"cell_col": 7, "cell_row": 9, "sheet_id": "33-XXVII-h", "has_sheet": false}}, {"type": "Feature", "geometry": {"type": "Polygon", "coordinates": [[[105.72596454892802, -2.833812405198227], [105.80929788226135, -2.833812405198227], [105.80929788226135, -2.9171457385315605], [105.72596454892802, -2.9171457385315605], [105.72596454892802, -2.833812405198227]]]}, "properties": {"cell_col": 7, "cell_row": 10, "sheet_id": "33-XXVII-m", "has_sheet": false}}, {"type": "Feature", "geometry": {"type": "Polygon", "coordinates": [[[105.72596454892802, -2.9171457385315605], [105.80929788226135, -2.9171457385315605], [105.80929788226135, -3.000479071864894], [105.72596454892802, -3.000479071864894], [105.72596454892802, -2.9171457385315605]]]}, "properties": {"cell_col": 7, "cell_row": 11, "sheet_id": "33-XXVII-q", "has_sheet": false}}, {"type": "Feature", "geometry": {"type": "Polygon", "coordinates": [[[105.72596454892802, -3.000479071864894], [105.80929788226135, -3.000479071864894], [105.80929788226135, -3.0838124051982274], [105.72596454892802, -3.0838124051982274], [105.72596454892802, -3.000479071864894]]]}, "properties": {"cell_col": 7, "cell_row": 12, "sheet_id": "33-XXVIII-d", "has_sheet": false}}, {"type": "Feature", "geometry": {"type": "Polygon", "coordinates": [[[105.72596454892802, -3.083812405198227], [105.80929788226135, -3.083812405198227], [105.80929788226135, -3.1671457385315605], [105.72596454892802, -3.1671457385315605], [105.72596454892802, -3.083812405198227]]]}, "properties": {"cell_col": 7, "cell_row": 13, "sheet_id": "33-XXVIII-h", "has_sheet": false}}, {"type": "Feature", "geometry": {"type": "Polygon", "coordinates": [[[105.72596454892802, -3.1671457385315605], [105.80929788226135, -3.1671457385315605], [105.80929788226135, -3.250479071864894], [105.72596454892802, -3.250479071864894], [105.72596454892802, -3.1671457385315605]]]}, "properties": {"cell_col": 7, "cell_row": 14, "sheet_id": "33-XXVIII-m", "has_sheet": false}}, {"type": "Feature", "geometry": {"type": "Polygon", "coordinates": [[[105.80929788226136, -1.3338124051982274], [105.89263121559469, -1.3338124051982274], [105.89263121559469, -1.4171457385315607], [105.80929788226136, -1.4171457385315607], [105.80929788226136, -1.3338124051982274]]]}, "properties": {"cell_col": 8, "cell_row": -8, "sheet_id": "34-XXIII-a", "has_sheet": false}}, {"type": "Feature", "geometry": {"type": "Polygon", "coordinates": [[[105.80929788226136, -1.4171457385315607], [105.89263121559469, -1.4171457385315607], [105.89263121559469, -1.500479071864894], [105.80929788226136, -1.500479071864894], [105.80929788226136, -1.4171457385315607]]]}, "properties": {"cell_col": 8, "cell_row": -7, "sheet_id": "34-XXIII-e", "has_sheet": true}}, {"type": "Feature", "geometry": {"type": "Polygon", "coordinates": [[[105.80929788226136, -1.500479071864894], [105.89263121559469, -1.500479071864894], [105.89263121559469, -1.5838124051982272], [105.80929788226136, -1.5838124051982272], [105.80929788226136, -1.500479071864894]]]}, "properties": {"cell_col": 8, "cell_row": -6, "sheet_id": "34-XXIII-i", "has_sheet": true}}, {"type": "Feature", "geometry": {"type": "Polygon", "coordinates": [[[105.80929788226136, -1.5838124051982274], [105.89263121559469, -1.5838124051982274], [105.89263121559469, -1.6671457385315607], [105.80929788226136, -1.6671457385315607], [105.80929788226136, -1.5838124051982274]]]}, "properties": {"cell_col": 8, "cell_row": -5, "sheet_id": "34-XXIII-n", "has_sheet": true}}, {"type": "Feature", "geometry": {"type": "Polygon", "coordinates": [[[105.80929788226136, -1.6671457385315607], [105.89263121559469, -1.6671457385315607], [105.89263121559469, -1.750479071864894], [105.80929788226136, -1.750479071864894], [105.80929788226136, -1.6671457385315607]]]}, "properties": {"cell_col": 8, "cell_row": -4, "sheet_id": "34-XXIV-a", "has_sheet": true}}, {"type": "Feature", "geometry": {"type": "Polygon", "coordinates": [[[105.80929788226136, -1.750479071864894], [105.89263121559469, -1.750479071864894], [105.89263121559469, -1.8338124051982272], [105.80929788226136, -1.8338124051982272], [105.80929788226136, -1.750479071864894]]]}, "properties": {"cell_col": 8, "cell_row": -3, "sheet_id": "34-XXIV-e", "has_sheet": true}}, {"type": "Feature", "geometry": {"type": "Polygon", "coordinates": [[[105.80929788226136, -1.8338124051982272], [105.89263121559469, -1.8338124051982272], [105.89263121559469, -1.9171457385315605], [105.80929788226136, -1.9171457385315605], [105.80929788226136, -1.8338124051982272]]]}, "properties": {"cell_col": 8, "cell_row": -2, "sheet_id": "34-XXIV-i", "has_sheet": true}}, {"type": "Feature", "geometry": {"type": "Polygon", "coordinates": [[[105.80929788226136, -1.9171457385315607], [105.89263121559469, -1.9171457385315607], [105.89263121559469, -2.000479071864894], [105.80929788226136, -2.000479071864894], [105.80929788226136, -1.9171457385315607]]]}, "properties": {"cell_col": 8, "cell_row": -1, "sheet_id": "34-XXIV-n", "has_sheet": true}}, {"type": "Feature", "geometry": {"type": "Polygon", "coordinates": [[[105.80929788226136, -2.000479071864894], [105.89263121559469, -2.000479071864894], [105.89263121559469, -2.0838124051982274], [105.80929788226136, -2.0838124051982274], [105.80929788226136, -2.000479071864894]]]}, "properties": {"cell_col": 8, "cell_row": 0, "sheet_id": "34-XXV-a", "has_sheet": true}}, {"type": "Feature", "geometry": {"type": "Polygon", "coordinates": [[[105.80929788226136, -2.0838124051982274], [105.89263121559469, -2.0838124051982274], [105.89263121559469, -2.167145738531561], [105.80929788226136, -2.167145738531561], [105.80929788226136, -2.0838124051982274]]]}, "properties": {"cell_col": 8, "cell_row": 1, "sheet_id": "34-XXV-e", "has_sheet": true}}, {"type": "Feature", "geometry": {"type": "Polygon", "coordinates": [[[105.80929788226136, -2.1671457385315605], [105.89263121559469, -2.1671457385315605], [105.89263121559469, -2.250479071864894], [105.80929788226136, -2.250479071864894], [105.80929788226136, -2.1671457385315605]]]}, "properties": {"cell_col": 8, "cell_row": 2, "sheet_id": "34-XXV-i", "has_sheet": true}}, {"type": "Feature", "geometry": {"type": "Polygon", "coordinates": [[[105.80929788226136, -2.250479071864894], [105.89263121559469, -2.250479071864894], [105.89263121559469, -2.3338124051982274], [105.80929788226136, -2.3338124051982274], [105.80929788226136, -2.250479071864894]]]}, "properties": {"cell_col": 8, "cell_row": 3, "sheet_id": "34-XXV-n", "has_sheet": true}}, {"type": "Feature", "geometry": {"type": "Polygon", "coordinates": [[[105.80929788226136, -2.3338124051982274], [105.89263121559469, -2.3338124051982274], [105.89263121559469, -2.417145738531561], [105.80929788226136, -2.417145738531561], [105.80929788226136, -2.3338124051982274]]]}, "properties": {"cell_col": 8, "cell_row": 4, "sheet_id": "34-XXVI-a", "has_sheet": true}}, {"type": "Feature", "geometry": {"type": "Polygon", "coordinates": [[[105.80929788226136, -2.4171457385315605], [105.89263121559469, -2.4171457385315605], [105.89263121559469, -2.500479071864894], [105.80929788226136, -2.500479071864894], [105.80929788226136, -2.4171457385315605]]]}, "properties": {"cell_col": 8, "cell_row": 5, "sheet_id": "34-XXVI-e", "has_sheet": true}}, {"type": "Feature", "geometry": {"type": "Polygon", "coordinates": [[[105.80929788226136, -2.500479071864894], [105.89263121559469, -2.500479071864894], [105.89263121559469, -2.5838124051982274], [105.80929788226136, -2.5838124051982274], [105.80929788226136, -2.500479071864894]]]}, "properties": {"cell_col": 8, "cell_row": 6, "sheet_id": "34-XXVI-i", "has_sheet": false}}, {"type": "Feature", "geometry": {"type": "Polygon", "coordinates": [[[105.80929788226136, -2.583812405198227], [105.89263121559469, -2.583812405198227], [105.89263121559469, -2.6671457385315605], [105.80929788226136, -2.6671457385315605], [105.80929788226136, -2.583812405198227]]]}, "properties": {"cell_col": 8, "cell_row": 7, "sheet_id": "34-XXVI-n", "has_sheet": true}}, {"type": "Feature", "geometry": {"type": "Polygon", "coordinates": [[[105.80929788226136, -2.6671457385315605], [105.89263121559469, -2.6671457385315605], [105.89263121559469, -2.750479071864894], [105.80929788226136, -2.750479071864894], [105.80929788226136, -2.6671457385315605]]]}, "properties": {"cell_col": 8, "cell_row": 8, "sheet_id": "34-XXVII-a", "has_sheet": false}}, {"type": "Feature", "geometry": {"type": "Polygon", "coordinates": [[[105.80929788226136, -2.750479071864894], [105.89263121559469, -2.750479071864894], [105.89263121559469, -2.8338124051982274], [105.80929788226136, -2.8338124051982274], [105.80929788226136, -2.750479071864894]]]}, "properties": {"cell_col": 8, "cell_row": 9, "sheet_id": "34-XXVII-e", "has_sheet": false}}, {"type": "Feature", "geometry": {"type": "Polygon", "coordinates": [[[105.80929788226136, -2.833812405198227], [105.89263121559469, -2.833812405198227], [105.89263121559469, -2.9171457385315605], [105.80929788226136, -2.9171457385315605], [105.80929788226136, -2.833812405198227]]]}, "properties": {"cell_col": 8, "cell_row": 10, "sheet_id": "34-XXVII-i", "has_sheet": false}}, {"type": "Feature", "geometry": {"type": "Polygon", "coordinates": [[[105.80929788226136, -2.9171457385315605], [105.89263121559469, -2.9171457385315605], [105.89263121559469, -3.000479071864894], [105.80929788226136, -3.000479071864894], [105.80929788226136, -2.9171457385315605]]]}, "properties": {"cell_col": 8, "cell_row": 11, "sheet_id": "34-XXVII-n", "has_sheet": false}}, {"type": "Feature", "geometry": {"type": "Polygon", "coordinates": [[[105.80929788226136, -3.000479071864894], [105.89263121559469, -3.000479071864894], [105.89263121559469, -3.0838124051982274], [105.80929788226136, -3.0838124051982274], [105.80929788226136, -3.000479071864894]]]}, "properties": {"cell_col": 8, "cell_row": 12, "sheet_id": "34-XXVIII-a", "has_sheet": false}}, {"type": "Feature", "geometry": {"type": "Polygon", "coordinates": [[[105.80929788226136, -3.083812405198227], [105.89263121559469, -3.083812405198227], [105.89263121559469, -3.1671457385315605], [105.80929788226136, -3.1671457385315605], [105.80929788226136, -3.083812405198227]]]}, "properties": {"cell_col": 8, "cell_row": 13, "sheet_id": "34-XXVIII-e", "has_sheet": false}}, {"type": "Feature", "geometry": {"type": "Polygon", "coordinates": [[[105.80929788226136, -3.1671457385315605], [105.89263121559469, -3.1671457385315605], [105.89263121559469, -3.250479071864894], [105.80929788226136, -3.250479071864894], [105.80929788226136, -3.1671457385315605]]]}, "properties": {"cell_col": 8, "cell_row": 14, "sheet_id": "34-XXVIII-i", "has_sheet": false}}, {"type": "Feature", "geometry": {"type": "Polygon", "coordinates": [[[105.89263121559469, -1.3338124051982274], [105.97596454892802, -1.3338124051982274], [105.97596454892802, -1.4171457385315607], [105.89263121559469, -1.4171457385315607], [105.89263121559469, -1.3338124051982274]]]}, "properties": {"cell_col": 9, "cell_row": -8, "sheet_id": "34-XXIII-b", "has_sheet": false}}, {"type": "Feature", "geometry": {"type": "Polygon", "coordinates": [[[105.89263121559469, -1.4171457385315607], [105.97596454892802, -1.4171457385315607], [105.97596454892802, -1.500479071864894], [105.89263121559469, -1.500479071864894], [105.89263121559469, -1.4171457385315607]]]}, "properties": {"cell_col": 9, "cell_row": -7, "sheet_id": "34-XXIII-f", "has_sheet": false}}, {"type": "Feature", "geometry": {"type": "Polygon", "coordinates": [[[105.89263121559469, -1.500479071864894], [105.97596454892802, -1.500479071864894], [105.97596454892802, -1.5838124051982272], [105.89263121559469, -1.5838124051982272], [105.89263121559469, -1.500479071864894]]]}, "properties": {"cell_col": 9, "cell_row": -6, "sheet_id": "34-XXIII-k", "has_sheet": true}}, {"type": "Feature", "geometry": {"type": "Polygon", "coordinates": [[[105.89263121559469, -1.5838124051982274], [105.97596454892802, -1.5838124051982274], [105.97596454892802, -1.6671457385315607], [105.89263121559469, -1.6671457385315607], [105.89263121559469, -1.5838124051982274]]]}, "properties": {"cell_col": 9, "cell_row": -5, "sheet_id": "34-XXIII-o", "has_sheet": true}}, {"type": "Feature", "geometry": {"type": "Polygon", "coordinates": [[[105.89263121559469, -1.6671457385315607], [105.97596454892802, -1.6671457385315607], [105.97596454892802, -1.750479071864894], [105.89263121559469, -1.750479071864894], [105.89263121559469, -1.6671457385315607]]]}, "properties": {"cell_col": 9, "cell_row": -4, "sheet_id": "34-XXIV-b", "has_sheet": true}}, {"type": "Feature", "geometry": {"type": "Polygon", "coordinates": [[[105.89263121559469, -1.750479071864894], [105.97596454892802, -1.750479071864894], [105.97596454892802, -1.8338124051982272], [105.89263121559469, -1.8338124051982272], [105.89263121559469, -1.750479071864894]]]}, "properties": {"cell_col": 9, "cell_row": -3, "sheet_id": "34-XXIV-f", "has_sheet": true}}, {"type": "Feature", "geometry": {"type": "Polygon", "coordinates": [[[105.89263121559469, -1.8338124051982272], [105.97596454892802, -1.8338124051982272], [105.97596454892802, -1.9171457385315605], [105.89263121559469, -1.9171457385315605], [105.89263121559469, -1.8338124051982272]]]}, "properties": {"cell_col": 9, "cell_row": -2, "sheet_id": "34-XXIV-k", "has_sheet": true}}, {"type": "Feature", "geometry": {"type": "Polygon", "coordinates": [[[105.89263121559469, -1.9171457385315607], [105.97596454892802, -1.9171457385315607], [105.97596454892802, -2.000479071864894], [105.89263121559469, -2.000479071864894], [105.89263121559469, -1.9171457385315607]]]}, "properties": {"cell_col": 9, "cell_row": -1, "sheet_id": "34-XXIV-o", "has_sheet": true}}, {"type": "Feature", "geometry": {"type": "Polygon", "coordinates": [[[105.89263121559469, -2.000479071864894], [105.97596454892802, -2.000479071864894], [105.97596454892802, -2.0838124051982274], [105.89263121559469, -2.0838124051982274], [105.89263121559469, -2.000479071864894]]]}, "properties": {"cell_col": 9, "cell_row": 0, "sheet_id": "34-XXV-b", "has_sheet": true}}, {"type": "Feature", "geometry": {"type": "Polygon", "coordinates": [[[105.89263121559469, -2.0838124051982274], [105.97596454892802, -2.0838124051982274], [105.97596454892802, -2.167145738531561], [105.89263121559469, -2.167145738531561], [105.89263121559469, -2.0838124051982274]]]}, "properties": {"cell_col": 9, "cell_row": 1, "sheet_id": "34-XXV-f", "has_sheet": true}}, {"type": "Feature", "geometry": {"type": "Polygon", "coordinates": [[[105.89263121559469, -2.1671457385315605], [105.97596454892802, -2.1671457385315605], [105.97596454892802, -2.250479071864894], [105.89263121559469, -2.250479071864894], [105.89263121559469, -2.1671457385315605]]]}, "properties": {"cell_col": 9, "cell_row": 2, "sheet_id": "34-XXV-k", "has_sheet": true}}, {"type": "Feature", "geometry": {"type": "Polygon", "coordinates": [[[105.89263121559469, -2.250479071864894], [105.97596454892802, -2.250479071864894], [105.97596454892802, -2.3338124051982274], [105.89263121559469, -2.3338124051982274], [105.89263121559469, -2.250479071864894]]]}, "properties": {"cell_col": 9, "cell_row": 3, "sheet_id": "34-XXV-o", "has_sheet": true}}, {"type": "Feature", "geometry": {"type": "Polygon", "coordinates": [[[105.89263121559469, -2.3338124051982274], [105.97596454892802, -2.3338124051982274], [105.97596454892802, -2.417145738531561], [105.89263121559469, -2.417145738531561], [105.89263121559469, -2.3338124051982274]]]}, "properties": {"cell_col": 9, "cell_row": 4, "sheet_id": "34-XXVI-b", "has_sheet": true}}, {"type": "Feature", "geometry": {"type": "Polygon", "coordinates": [[[105.89263121559469, -2.4171457385315605], [105.97596454892802, -2.4171457385315605], [105.97596454892802, -2.500479071864894], [105.89263121559469, -2.500479071864894], [105.89263121559469, -2.4171457385315605]]]}, "properties": {"cell_col": 9, "cell_row": 5, "sheet_id": "34-XXVI-f", "has_sheet": true}}, {"type": "Feature", "geometry": {"type": "Polygon", "coordinates": [[[105.89263121559469, -2.500479071864894], [105.97596454892802, -2.500479071864894], [105.97596454892802, -2.5838124051982274], [105.89263121559469, -2.5838124051982274], [105.89263121559469, -2.500479071864894]]]}, "properties": {"cell_col": 9, "cell_row": 6, "sheet_id": "34-XXVI-k", "has_sheet": true}}, {"type": "Feature", "geometry": {"type": "Polygon", "coordinates": [[[105.89263121559469, -2.583812405198227], [105.97596454892802, -2.583812405198227], [105.97596454892802, -2.6671457385315605], [105.89263121559469, -2.6671457385315605], [105.89263121559469, -2.583812405198227]]]}, "properties": {"cell_col": 9, "cell_row": 7, "sheet_id": "34-XXVI-o", "has_sheet": true}}, {"type": "Feature", "geometry": {"type": "Polygon", "coordinates": [[[105.89263121559469, -2.6671457385315605], [105.97596454892802, -2.6671457385315605], [105.97596454892802, -2.750479071864894], [105.89263121559469, -2.750479071864894], [105.89263121559469, -2.6671457385315605]]]}, "properties": {"cell_col": 9, "cell_row": 8, "sheet_id": "34-XXVII-b", "has_sheet": true}}, {"type": "Feature", "geometry": {"type": "Polygon", "coordinates": [[[105.89263121559469, -2.750479071864894], [105.97596454892802, -2.750479071864894], [105.97596454892802, -2.8338124051982274], [105.89263121559469, -2.8338124051982274], [105.89263121559469, -2.750479071864894]]]}, "properties": {"cell_col": 9, "cell_row": 9, "sheet_id": "34-XXVII-f", "has_sheet": true}}, {"type": "Feature", "geometry": {"type": "Polygon", "coordinates": [[[105.89263121559469, -2.833812405198227], [105.97596454892802, -2.833812405198227], [105.97596454892802, -2.9171457385315605], [105.89263121559469, -2.9171457385315605], [105.89263121559469, -2.833812405198227]]]}, "properties": {"cell_col": 9, "cell_row": 10, "sheet_id": "34-XXVII-k", "has_sheet": false}}, {"type": "Feature", "geometry": {"type": "Polygon", "coordinates": [[[105.89263121559469, -2.9171457385315605], [105.97596454892802, -2.9171457385315605], [105.97596454892802, -3.000479071864894], [105.89263121559469, -3.000479071864894], [105.89263121559469, -2.9171457385315605]]]}, "properties": {"cell_col": 9, "cell_row": 11, "sheet_id": "34-XXVII-o", "has_sheet": false}}, {"type": "Feature", "geometry": {"type": "Polygon", "coordinates": [[[105.89263121559469, -3.000479071864894], [105.97596454892802, -3.000479071864894], [105.97596454892802, -3.0838124051982274], [105.89263121559469, -3.0838124051982274], [105.89263121559469, -3.000479071864894]]]}, "properties": {"cell_col": 9, "cell_row": 12, "sheet_id": "34-XXVIII-b", "has_sheet": false}}, {"type": "Feature", "geometry": {"type": "Polygon", "coordinates": [[[105.89263121559469, -3.083812405198227], [105.97596454892802, -3.083812405198227], [105.97596454892802, -3.1671457385315605], [105.89263121559469, -3.1671457385315605], [105.89263121559469, -3.083812405198227]]]}, "properties": {"cell_col": 9, "cell_row": 13, "sheet_id": "34-XXVIII-f", "has_sheet": false}}, {"type": "Feature", "geometry": {"type": "Polygon", "coordinates": [[[105.89263121559469, -3.1671457385315605], [105.97596454892802, -3.1671457385315605], [105.97596454892802, -3.250479071864894], [105.89263121559469, -3.250479071864894], [105.89263121559469, -3.1671457385315605]]]}, "properties": {"cell_col": 9, "cell_row": 14, "sheet_id": "34-XXVIII-k", "has_sheet": false}}, {"type": "Feature", "geometry": {"type": "Polygon", "coordinates": [[[105.97596454892802, -1.3338124051982274], [106.05929788226135, -1.3338124051982274], [106.05929788226135, -1.4171457385315607], [105.97596454892802, -1.4171457385315607], [105.97596454892802, -1.3338124051982274]]]}, "properties": {"cell_col": 10, "cell_row": -8, "sheet_id": "34-XXIII-c", "has_sheet": false}}, {"type": "Feature", "geometry": {"type": "Polygon", "coordinates": [[[105.97596454892802, -1.4171457385315607], [106.05929788226135, -1.4171457385315607], [106.05929788226135, -1.500479071864894], [105.97596454892802, -1.500479071864894], [105.97596454892802, -1.4171457385315607]]]}, "properties": {"cell_col": 10, "cell_row": -7, "sheet_id": "34-XXIII-g", "has_sheet": false}}, {"type": "Feature", "geometry": {"type": "Polygon", "coordinates": [[[105.97596454892802, -1.500479071864894], [106.05929788226135, -1.500479071864894], [106.05929788226135, -1.5838124051982272], [105.97596454892802, -1.5838124051982272], [105.97596454892802, -1.500479071864894]]]}, "properties": {"cell_col": 10, "cell_row": -6, "sheet_id": "34-XXIII-l", "has_sheet": true}}, {"type": "Feature", "geometry": {"type": "Polygon", "coordinates": [[[105.97596454892802, -1.5838124051982274], [106.05929788226135, -1.5838124051982274], [106.05929788226135, -1.6671457385315607], [105.97596454892802, -1.6671457385315607], [105.97596454892802, -1.5838124051982274]]]}, "properties": {"cell_col": 10, "cell_row": -5, "sheet_id": "34-XXIII-p", "has_sheet": true}}, {"type": "Feature", "geometry": {"type": "Polygon", "coordinates": [[[105.97596454892802, -1.6671457385315607], [106.05929788226135, -1.6671457385315607], [106.05929788226135, -1.750479071864894], [105.97596454892802, -1.750479071864894], [105.97596454892802, -1.6671457385315607]]]}, "properties": {"cell_col": 10, "cell_row": -4, "sheet_id": "34-XXIV-c", "has_sheet": true}}, {"type": "Feature", "geometry": {"type": "Polygon", "coordinates": [[[105.97596454892802, -1.750479071864894], [106.05929788226135, -1.750479071864894], [106.05929788226135, -1.8338124051982272], [105.97596454892802, -1.8338124051982272], [105.97596454892802, -1.750479071864894]]]}, "properties": {"cell_col": 10, "cell_row": -3, "sheet_id": "34-XXIV-g", "has_sheet": true}}, {"type": "Feature", "geometry": {"type": "Polygon", "coordinates": [[[105.97596454892802, -1.8338124051982272], [106.05929788226135, -1.8338124051982272], [106.05929788226135, -1.9171457385315605], [105.97596454892802, -1.9171457385315605], [105.97596454892802, -1.8338124051982272]]]}, "properties": {"cell_col": 10, "cell_row": -2, "sheet_id": "34-XXIV-l", "has_sheet": true}}, {"type": "Feature", "geometry": {"type": "Polygon", "coordinates": [[[105.97596454892802, -1.9171457385315607], [106.05929788226135, -1.9171457385315607], [106.05929788226135, -2.000479071864894], [105.97596454892802, -2.000479071864894], [105.97596454892802, -1.9171457385315607]]]}, "properties": {"cell_col": 10, "cell_row": -1, "sheet_id": "34-XXIV-p", "has_sheet": true}}, {"type": "Feature", "geometry": {"type": "Polygon", "coordinates": [[[105.97596454892802, -2.000479071864894], [106.05929788226135, -2.000479071864894], [106.05929788226135, -2.0838124051982274], [105.97596454892802, -2.0838124051982274], [105.97596454892802, -2.000479071864894]]]}, "properties": {"cell_col": 10, "cell_row": 0, "sheet_id": "34-XXV-c", "has_sheet": true}}, {"type": "Feature", "geometry": {"type": "Polygon", "coordinates": [[[105.97596454892802, -2.0838124051982274], [106.05929788226135, -2.0838124051982274], [106.05929788226135, -2.167145738531561], [105.97596454892802, -2.167145738531561], [105.97596454892802, -2.0838124051982274]]]}, "properties": {"cell_col": 10, "cell_row": 1, "sheet_id": "34-XXV-g", "has_sheet": true}}, {"type": "Feature", "geometry": {"type": "Polygon", "coordinates": [[[105.97596454892802, -2.1671457385315605], [106.05929788226135, -2.1671457385315605], [106.05929788226135, -2.250479071864894], [105.97596454892802, -2.250479071864894], [105.97596454892802, -2.1671457385315605]]]}, "properties": {"cell_col": 10, "cell_row": 2, "sheet_id": "34-XXV-l", "has_sheet": true}}, {"type": "Feature", "geometry": {"type": "Polygon", "coordinates": [[[105.97596454892802, -2.250479071864894], [106.05929788226135, -2.250479071864894], [106.05929788226135, -2.3338124051982274], [105.97596454892802, -2.3338124051982274], [105.97596454892802, -2.250479071864894]]]}, "properties": {"cell_col": 10, "cell_row": 3, "sheet_id": "34-XXV-p", "has_sheet": true}}, {"type": "Feature", "geometry": {"type": "Polygon", "coordinates": [[[105.97596454892802, -2.3338124051982274], [106.05929788226135, -2.3338124051982274], [106.05929788226135, -2.417145738531561], [105.97596454892802, -2.417145738531561], [105.97596454892802, -2.3338124051982274]]]}, "properties": {"cell_col": 10, "cell_row": 4, "sheet_id": "34-XXVI-c", "has_sheet": true}}, {"type": "Feature", "geometry": {"type": "Polygon", "coordinates": [[[105.97596454892802, -2.4171457385315605], [106.05929788226135, -2.4171457385315605], [106.05929788226135, -2.500479071864894], [105.97596454892802, -2.500479071864894], [105.97596454892802, -2.4171457385315605]]]}, "properties": {"cell_col": 10, "cell_row": 5, "sheet_id": "34-XXVI-g", "has_sheet": true}}, {"type": "Feature", "geometry": {"type": "Polygon", "coordinates": [[[105.97596454892802, -2.500479071864894], [106.05929788226135, -2.500479071864894], [106.05929788226135, -2.5838124051982274], [105.97596454892802, -2.5838124051982274], [105.97596454892802, -2.500479071864894]]]}, "properties": {"cell_col": 10, "cell_row": 6, "sheet_id": "34-XXVI-l", "has_sheet": true}}, {"type": "Feature", "geometry": {"type": "Polygon", "coordinates": [[[105.97596454892802, -2.583812405198227], [106.05929788226135, -2.583812405198227], [106.05929788226135, -2.6671457385315605], [105.97596454892802, -2.6671457385315605], [105.97596454892802, -2.583812405198227]]]}, "properties": {"cell_col": 10, "cell_row": 7, "sheet_id": "34-XXVI-p", "has_sheet": true}}, {"type": "Feature", "geometry": {"type": "Polygon", "coordinates": [[[105.97596454892802, -2.6671457385315605], [106.05929788226135, -2.6671457385315605], [106.05929788226135, -2.750479071864894], [105.97596454892802, -2.750479071864894], [105.97596454892802, -2.6671457385315605]]]}, "properties": {"cell_col": 10, "cell_row": 8, "sheet_id": "34-XXVII-c", "has_sheet": true}}, {"type": "Feature", "geometry": {"type": "Polygon", "coordinates": [[[105.97596454892802, -2.750479071864894], [106.05929788226135, -2.750479071864894], [106.05929788226135, -2.8338124051982274], [105.97596454892802, -2.8338124051982274], [105.97596454892802, -2.750479071864894]]]}, "properties": {"cell_col": 10, "cell_row": 9, "sheet_id": "34-XXVII-g", "has_sheet": true}}, {"type": "Feature", "geometry": {"type": "Polygon", "coordinates": [[[105.97596454892802, -2.833812405198227], [106.05929788226135, -2.833812405198227], [106.05929788226135, -2.9171457385315605], [105.97596454892802, -2.9171457385315605], [105.97596454892802, -2.833812405198227]]]}, "properties": {"cell_col": 10, "cell_row": 10, "sheet_id": "34-XXVII-l", "has_sheet": false}}, {"type": "Feature", "geometry": {"type": "Polygon", "coordinates": [[[105.97596454892802, -2.9171457385315605], [106.05929788226135, -2.9171457385315605], [106.05929788226135, -3.000479071864894], [105.97596454892802, -3.000479071864894], [105.97596454892802, -2.9171457385315605]]]}, "properties": {"cell_col": 10, "cell_row": 11, "sheet_id": "34-XXVII-p", "has_sheet": false}}, {"type": "Feature", "geometry": {"type": "Polygon", "coordinates": [[[105.97596454892802, -3.000479071864894], [106.05929788226135, -3.000479071864894], [106.05929788226135, -3.0838124051982274], [105.97596454892802, -3.0838124051982274], [105.97596454892802, -3.000479071864894]]]}, "properties": {"cell_col": 10, "cell_row": 12, "sheet_id": "34-XXVIII-c", "has_sheet": false}}, {"type": "Feature", "geometry": {"type": "Polygon", "coordinates": [[[105.97596454892802, -3.083812405198227], [106.05929788226135, -3.083812405198227], [106.05929788226135, -3.1671457385315605], [105.97596454892802, -3.1671457385315605], [105.97596454892802, -3.083812405198227]]]}, "properties": {"cell_col": 10, "cell_row": 13, "sheet_id": "34-XXVIII-g", "has_sheet": false}}, {"type": "Feature", "geometry": {"type": "Polygon", "coordinates": [[[105.97596454892802, -3.1671457385315605], [106.05929788226135, -3.1671457385315605], [106.05929788226135, -3.250479071864894], [105.97596454892802, -3.250479071864894], [105.97596454892802, -3.1671457385315605]]]}, "properties": {"cell_col": 10, "cell_row": 14, "sheet_id": "34-XXVIII-l", "has_sheet": false}}, {"type": "Feature", "geometry": {"type": "Polygon", "coordinates": [[[106.05929788226136, -1.3338124051982274], [106.14263121559469, -1.3338124051982274], [106.14263121559469, -1.4171457385315607], [106.05929788226136, -1.4171457385315607], [106.05929788226136, -1.3338124051982274]]]}, "properties": {"cell_col": 11, "cell_row": -8, "sheet_id": "34-XXIII-d", "has_sheet": false}}, {"type": "Feature", "geometry": {"type": "Polygon", "coordinates": [[[106.05929788226136, -1.4171457385315607], [106.14263121559469, -1.4171457385315607], [106.14263121559469, -1.500479071864894], [106.05929788226136, -1.500479071864894], [106.05929788226136, -1.4171457385315607]]]}, "properties": {"cell_col": 11, "cell_row": -7, "sheet_id": "34-XXIII-h", "has_sheet": false}}, {"type": "Feature", "geometry": {"type": "Polygon", "coordinates": [[[106.05929788226136, -1.500479071864894], [106.14263121559469, -1.500479071864894], [106.14263121559469, -1.5838124051982272], [106.05929788226136, -1.5838124051982272], [106.05929788226136, -1.500479071864894]]]}, "properties": {"cell_col": 11, "cell_row": -6, "sheet_id": "34-XXIII-m", "has_sheet": false}}, {"type": "Feature", "geometry": {"type": "Polygon", "coordinates": [[[106.05929788226136, -1.5838124051982274], [106.14263121559469, -1.5838124051982274], [106.14263121559469, -1.6671457385315607], [106.05929788226136, -1.6671457385315607], [106.05929788226136, -1.5838124051982274]]]}, "properties": {"cell_col": 11, "cell_row": -5, "sheet_id": "34-XXIII-q", "has_sheet": false}}, {"type": "Feature", "geometry": {"type": "Polygon", "coordinates": [[[106.05929788226136, -1.6671457385315607], [106.14263121559469, -1.6671457385315607], [106.14263121559469, -1.750479071864894], [106.05929788226136, -1.750479071864894], [106.05929788226136, -1.6671457385315607]]]}, "properties": {"cell_col": 11, "cell_row": -4, "sheet_id": "34-XXIV-d", "has_sheet": true}}, {"type": "Feature", "geometry": {"type": "Polygon", "coordinates": [[[106.05929788226136, -1.750479071864894], [106.14263121559469, -1.750479071864894], [106.14263121559469, -1.8338124051982272], [106.05929788226136, -1.8338124051982272], [106.05929788226136, -1.750479071864894]]]}, "properties": {"cell_col": 11, "cell_row": -3, "sheet_id": "34-XXIV-h", "has_sheet": true}}, {"type": "Feature", "geometry": {"type": "Polygon", "coordinates": [[[106.05929788226136, -1.8338124051982272], [106.14263121559469, -1.8338124051982272], [106.14263121559469, -1.9171457385315605], [106.05929788226136, -1.9171457385315605], [106.05929788226136, -1.8338124051982272]]]}, "properties": {"cell_col": 11, "cell_row": -2, "sheet_id": "34-XXIV-m", "has_sheet": true}}, {"type": "Feature", "geometry": {"type": "Polygon", "coordinates": [[[106.05929788226136, -1.9171457385315607], [106.14263121559469, -1.9171457385315607], [106.14263121559469, -2.000479071864894], [106.05929788226136, -2.000479071864894], [106.05929788226136, -1.9171457385315607]]]}, "properties": {"cell_col": 11, "cell_row": -1, "sheet_id": "34-XXIV-q", "has_sheet": true}}, {"type": "Feature", "geometry": {"type": "Polygon", "coordinates": [[[106.05929788226136, -2.000479071864894], [106.14263121559469, -2.000479071864894], [106.14263121559469, -2.0838124051982274], [106.05929788226136, -2.0838124051982274], [106.05929788226136, -2.000479071864894]]]}, "properties": {"cell_col": 11, "cell_row": 0, "sheet_id": "34-XXV-d", "has_sheet": true}}, {"type": "Feature", "geometry": {"type": "Polygon", "coordinates": [[[106.05929788226136, -2.0838124051982274], [106.14263121559469, -2.0838124051982274], [106.14263121559469, -2.167145738531561], [106.05929788226136, -2.167145738531561], [106.05929788226136, -2.0838124051982274]]]}, "properties": {"cell_col": 11, "cell_row": 1, "sheet_id": "34-XXV-h", "has_sheet": true}}, {"type": "Feature", "geometry": {"type": "Polygon", "coordinates": [[[106.05929788226136, -2.1671457385315605], [106.14263121559469, -2.1671457385315605], [106.14263121559469, -2.250479071864894], [106.05929788226136, -2.250479071864894], [106.05929788226136, -2.1671457385315605]]]}, "properties": {"cell_col": 11, "cell_row": 2, "sheet_id": "34-XXV-m", "has_sheet": true}}, {"type": "Feature", "geometry": {"type": "Polygon", "coordinates": [[[106.05929788226136, -2.250479071864894], [106.14263121559469, -2.250479071864894], [106.14263121559469, -2.3338124051982274], [106.05929788226136, -2.3338124051982274], [106.05929788226136, -2.250479071864894]]]}, "properties": {"cell_col": 11, "cell_row": 3, "sheet_id": "34-XXV-q", "has_sheet": true}}, {"type": "Feature", "geometry": {"type": "Polygon", "coordinates": [[[106.05929788226136, -2.3338124051982274], [106.14263121559469, -2.3338124051982274], [106.14263121559469, -2.417145738531561], [106.05929788226136, -2.417145738531561], [106.05929788226136, -2.3338124051982274]]]}, "properties": {"cell_col": 11, "cell_row": 4, "sheet_id": "34-XXVI-d", "has_sheet": true}}, {"type": "Feature", "geometry": {"type": "Polygon", "coordinates": [[[106.05929788226136, -2.4171457385315605], [106.14263121559469, -2.4171457385315605], [106.14263121559469, -2.500479071864894], [106.05929788226136, -2.500479071864894], [106.05929788226136, -2.4171457385315605]]]}, "properties": {"cell_col": 11, "cell_row": 5, "sheet_id": "34-XXVI-h", "has_sheet": true}}, {"type": "Feature", "geometry": {"type": "Polygon", "coordinates": [[[106.05929788226136, -2.500479071864894], [106.14263121559469, -2.500479071864894], [106.14263121559469, -2.5838124051982274], [106.05929788226136, -2.5838124051982274], [106.05929788226136, -2.500479071864894]]]}, "properties": {"cell_col": 11, "cell_row": 6, "sheet_id": "34-XXVI-m", "has_sheet": true}}, {"type": "Feature", "geometry": {"type": "Polygon", "coordinates": [[[106.05929788226136, -2.583812405198227], [106.14263121559469, -2.583812405198227], [106.14263121559469, -2.6671457385315605], [106.05929788226136, -2.6671457385315605], [106.05929788226136, -2.583812405198227]]]}, "properties": {"cell_col": 11, "cell_row": 7, "sheet_id": "34-XXVI-q", "has_sheet": true}}, {"type": "Feature", "geometry": {"type": "Polygon", "coordinates": [[[106.05929788226136, -2.6671457385315605], [106.14263121559469, -2.6671457385315605], [106.14263121559469, -2.750479071864894], [106.05929788226136, -2.750479071864894], [106.05929788226136, -2.6671457385315605]]]}, "properties": {"cell_col": 11, "cell_row": 8, "sheet_id": "34-XXVII-d", "has_sheet": true}}, {"type": "Feature", "geometry": {"type": "Polygon", "coordinates": [[[106.05929788226136, -2.750479071864894], [106.14263121559469, -2.750479071864894], [106.14263121559469, -2.8338124051982274], [106.05929788226136, -2.8338124051982274], [106.05929788226136, -2.750479071864894]]]}, "properties": {"cell_col": 11, "cell_row": 9, "sheet_id": "34-XXVII-h", "has_sheet": true}}, {"type": "Feature", "geometry": {"type": "Polygon", "coordinates": [[[106.05929788226136, -2.833812405198227], [106.14263121559469, -2.833812405198227], [106.14263121559469, -2.9171457385315605], [106.05929788226136, -2.9171457385315605], [106.05929788226136, -2.833812405198227]]]}, "properties": {"cell_col": 11, "cell_row": 10, "sheet_id": "34-XXVII-m", "has_sheet": true}}, {"type": "Feature", "geometry": {"type": "Polygon", "coordinates": [[[106.05929788226136, -2.9171457385315605], [106.14263121559469, -2.9171457385315605], [106.14263121559469, -3.000479071864894], [106.05929788226136, -3.000479071864894], [106.05929788226136, -2.9171457385315605]]]}, "properties": {"cell_col": 11, "cell_row": 11, "sheet_id": "34-XXVII-q", "has_sheet": false}}, {"type": "Feature", "geometry": {"type": "Polygon", "coordinates": [[[106.05929788226136, -3.000479071864894], [106.14263121559469, -3.000479071864894], [106.14263121559469, -3.0838124051982274], [106.05929788226136, -3.0838124051982274], [106.05929788226136, -3.000479071864894]]]}, "properties": {"cell_col": 11, "cell_row": 12, "sheet_id": "34-XXVIII-d", "has_sheet": false}}, {"type": "Feature", "geometry": {"type": "Polygon", "coordinates": [[[106.05929788226136, -3.083812405198227], [106.14263121559469, -3.083812405198227], [106.14263121559469, -3.1671457385315605], [106.05929788226136, -3.1671457385315605], [106.05929788226136, -3.083812405198227]]]}, "properties": {"cell_col": 11, "cell_row": 13, "sheet_id": "34-XXVIII-h", "has_sheet": false}}, {"type": "Feature", "geometry": {"type": "Polygon", "coordinates": [[[106.05929788226136, -3.1671457385315605], [106.14263121559469, -3.1671457385315605], [106.14263121559469, -3.250479071864894], [106.05929788226136, -3.250479071864894], [106.05929788226136, -3.1671457385315605]]]}, "properties": {"cell_col": 11, "cell_row": 14, "sheet_id": "34-XXVIII-m", "has_sheet": false}}, {"type": "Feature", "geometry": {"type": "Polygon", "coordinates": [[[106.14263121559469, -1.3338124051982274], [106.22596454892802, -1.3338124051982274], [106.22596454892802, -1.4171457385315607], [106.14263121559469, -1.4171457385315607], [106.14263121559469, -1.3338124051982274]]]}, "properties": {"cell_col": 12, "cell_row": -8, "sheet_id": "35-XXIII-a", "has_sheet": false}}, {"type": "Feature", "geometry": {"type": "Polygon", "coordinates": [[[106.14263121559469, -1.4171457385315607], [106.22596454892802, -1.4171457385315607], [106.22596454892802, -1.500479071864894], [106.14263121559469, -1.500479071864894], [106.14263121559469, -1.4171457385315607]]]}, "properties": {"cell_col": 12, "cell_row": -7, "sheet_id": "35-XXIII-e", "has_sheet": false}}, {"type": "Feature", "geometry": {"type": "Polygon", "coordinates": [[[106.14263121559469, -1.500479071864894], [106.22596454892802, -1.500479071864894], [106.22596454892802, -1.5838124051982272], [106.14263121559469, -1.5838124051982272], [106.14263121559469, -1.500479071864894]]]}, "properties": {"cell_col": 12, "cell_row": -6, "sheet_id": "35-XXIII-i", "has_sheet": false}}, {"type": "Feature", "geometry": {"type": "Polygon", "coordinates": [[[106.14263121559469, -1.5838124051982274], [106.22596454892802, -1.5838124051982274], [106.22596454892802, -1.6671457385315607], [106.14263121559469, -1.6671457385315607], [106.14263121559469, -1.5838124051982274]]]}, "properties": {"cell_col": 12, "cell_row": -5, "sheet_id": "35-XXIII-n", "has_sheet": false}}, {"type": "Feature", "geometry": {"type": "Polygon", "coordinates": [[[106.14263121559469, -1.6671457385315607], [106.22596454892802, -1.6671457385315607], [106.22596454892802, -1.750479071864894], [106.14263121559469, -1.750479071864894], [106.14263121559469, -1.6671457385315607]]]}, "properties": {"cell_col": 12, "cell_row": -4, "sheet_id": "35-XXIV-a", "has_sheet": false}}, {"type": "Feature", "geometry": {"type": "Polygon", "coordinates": [[[106.14263121559469, -1.750479071864894], [106.22596454892802, -1.750479071864894], [106.22596454892802, -1.8338124051982272], [106.14263121559469, -1.8338124051982272], [106.14263121559469, -1.750479071864894]]]}, "properties": {"cell_col": 12, "cell_row": -3, "sheet_id": "35-XXIV-e", "has_sheet": false}}, {"type": "Feature", "geometry": {"type": "Polygon", "coordinates": [[[106.14263121559469, -1.8338124051982272], [106.22596454892802, -1.8338124051982272], [106.22596454892802, -1.9171457385315605], [106.14263121559469, -1.9171457385315605], [106.14263121559469, -1.8338124051982272]]]}, "properties": {"cell_col": 12, "cell_row": -2, "sheet_id": "35-XXIV-i", "has_sheet": true}}, {"type": "Feature", "geometry": {"type": "Polygon", "coordinates": [[[106.14263121559469, -1.9171457385315607], [106.22596454892802, -1.9171457385315607], [106.22596454892802, -2.000479071864894], [106.14263121559469, -2.000479071864894], [106.14263121559469, -1.9171457385315607]]]}, "properties": {"cell_col": 12, "cell_row": -1, "sheet_id": "35-XXIV-n", "has_sheet": true}}, {"type": "Feature", "geometry": {"type": "Polygon", "coordinates": [[[106.14263121559469, -2.000479071864894], [106.22596454892802, -2.000479071864894], [106.22596454892802, -2.0838124051982274], [106.14263121559469, -2.0838124051982274], [106.14263121559469, -2.000479071864894]]]}, "properties": {"cell_col": 12, "cell_row": 0, "sheet_id": "35-XXV-a", "has_sheet": true}}, {"type": "Feature", "geometry": {"type": "Polygon", "coordinates": [[[106.14263121559469, -2.0838124051982274], [106.22596454892802, -2.0838124051982274], [106.22596454892802, -2.167145738531561], [106.14263121559469, -2.167145738531561], [106.14263121559469, -2.0838124051982274]]]}, "properties": {"cell_col": 12, "cell_row": 1, "sheet_id": "35-XXV-e", "has_sheet": true}}, {"type": "Feature", "geometry": {"type": "Polygon", "coordinates": [[[106.14263121559469, -2.1671457385315605], [106.22596454892802, -2.1671457385315605], [106.22596454892802, -2.250479071864894], [106.14263121559469, -2.250479071864894], [106.14263121559469, -2.1671457385315605]]]}, "properties": {"cell_col": 12, "cell_row": 2, "sheet_id": "35-XXV-i", "has_sheet": true}}, {"type": "Feature", "geometry": {"type": "Polygon", "coordinates": [[[106.14263121559469, -2.250479071864894], [106.22596454892802, -2.250479071864894], [106.22596454892802, -2.3338124051982274], [106.14263121559469, -2.3338124051982274], [106.14263121559469, -2.250479071864894]]]}, "properties": {"cell_col": 12, "cell_row": 3, "sheet_id": "35-XXV-n", "has_sheet": true}}, {"type": "Feature", "geometry": {"type": "Polygon", "coordinates": [[[106.14263121559469, -2.3338124051982274], [106.22596454892802, -2.3338124051982274], [106.22596454892802, -2.417145738531561], [106.14263121559469, -2.417145738531561], [106.14263121559469, -2.3338124051982274]]]}, "properties": {"cell_col": 12, "cell_row": 4, "sheet_id": "35-XXVI-a", "has_sheet": true}}, {"type": "Feature", "geometry": {"type": "Polygon", "coordinates": [[[106.14263121559469, -2.4171457385315605], [106.22596454892802, -2.4171457385315605], [106.22596454892802, -2.500479071864894], [106.14263121559469, -2.500479071864894], [106.14263121559469, -2.4171457385315605]]]}, "properties": {"cell_col": 12, "cell_row": 5, "sheet_id": "35-XXVI-e", "has_sheet": true}}, {"type": "Feature", "geometry": {"type": "Polygon", "coordinates": [[[106.14263121559469, -2.500479071864894], [106.22596454892802, -2.500479071864894], [106.22596454892802, -2.5838124051982274], [106.14263121559469, -2.5838124051982274], [106.14263121559469, -2.500479071864894]]]}, "properties": {"cell_col": 12, "cell_row": 6, "sheet_id": "35-XXVI-i", "has_sheet": true}}, {"type": "Feature", "geometry": {"type": "Polygon", "coordinates": [[[106.14263121559469, -2.583812405198227], [106.22596454892802, -2.583812405198227], [106.22596454892802, -2.6671457385315605], [106.14263121559469, -2.6671457385315605], [106.14263121559469, -2.583812405198227]]]}, "properties": {"cell_col": 12, "cell_row": 7, "sheet_id": "35-XXVI-n", "has_sheet": true}}, {"type": "Feature", "geometry": {"type": "Polygon", "coordinates": [[[106.14263121559469, -2.6671457385315605], [106.22596454892802, -2.6671457385315605], [106.22596454892802, -2.750479071864894], [106.14263121559469, -2.750479071864894], [106.14263121559469, -2.6671457385315605]]]}, "properties": {"cell_col": 12, "cell_row": 8, "sheet_id": "35-XXVII-a", "has_sheet": true}}, {"type": "Feature", "geometry": {"type": "Polygon", "coordinates": [[[106.14263121559469, -2.750479071864894], [106.22596454892802, -2.750479071864894], [106.22596454892802, -2.8338124051982274], [106.14263121559469, -2.8338124051982274], [106.14263121559469, -2.750479071864894]]]}, "properties": {"cell_col": 12, "cell_row": 9, "sheet_id": "35-XXVII-e", "has_sheet": true}}, {"type": "Feature", "geometry": {"type": "Polygon", "coordinates": [[[106.14263121559469, -2.833812405198227], [106.22596454892802, -2.833812405198227], [106.22596454892802, -2.9171457385315605], [106.14263121559469, -2.9171457385315605], [106.14263121559469, -2.833812405198227]]]}, "properties": {"cell_col": 12, "cell_row": 10, "sheet_id": "35-XXVII-i", "has_sheet": true}}, {"type": "Feature", "geometry": {"type": "Polygon", "coordinates": [[[106.14263121559469, -2.9171457385315605], [106.22596454892802, -2.9171457385315605], [106.22596454892802, -3.000479071864894], [106.14263121559469, -3.000479071864894], [106.14263121559469, -2.9171457385315605]]]}, "properties": {"cell_col": 12, "cell_row": 11, "sheet_id": "35-XXVII-n", "has_sheet": false}}, {"type": "Feature", "geometry": {"type": "Polygon", "coordinates": [[[106.14263121559469, -3.000479071864894], [106.22596454892802, -3.000479071864894], [106.22596454892802, -3.0838124051982274], [106.14263121559469, -3.0838124051982274], [106.14263121559469, -3.000479071864894]]]}, "properties": {"cell_col": 12, "cell_row": 12, "sheet_id": "35-XXVIII-a", "has_sheet": false}}, {"type": "Feature", "geometry": {"type": "Polygon", "coordinates": [[[106.14263121559469, -3.083812405198227], [106.22596454892802, -3.083812405198227], [106.22596454892802, -3.1671457385315605], [106.14263121559469, -3.1671457385315605], [106.14263121559469, -3.083812405198227]]]}, "properties": {"cell_col": 12, "cell_row": 13, "sheet_id": "35-XXVIII-e", "has_sheet": false}}, {"type": "Feature", "geometry": {"type": "Polygon", "coordinates": [[[106.14263121559469, -3.1671457385315605], [106.22596454892802, -3.1671457385315605], [106.22596454892802, -3.250479071864894], [106.14263121559469, -3.250479071864894], [106.14263121559469, -3.1671457385315605]]]}, "properties": {"cell_col": 12, "cell_row": 14, "sheet_id": "35-XXVIII-i", "has_sheet": false}}, {"type": "Feature", "geometry": {"type": "Polygon", "coordinates": [[[106.22596454892802, -1.3338124051982274], [106.30929788226135, -1.3338124051982274], [106.30929788226135, -1.4171457385315607], [106.22596454892802, -1.4171457385315607], [106.22596454892802, -1.3338124051982274]]]}, "properties": {"cell_col": 13, "cell_row": -8, "sheet_id": "35-XXIII-b", "has_sheet": false}}, {"type": "Feature", "geometry": {"type": "Polygon", "coordinates": [[[106.22596454892802, -1.4171457385315607], [106.30929788226135, -1.4171457385315607], [106.30929788226135, -1.500479071864894], [106.22596454892802, -1.500479071864894], [106.22596454892802, -1.4171457385315607]]]}, "properties": {"cell_col": 13, "cell_row": -7, "sheet_id": "35-XXIII-f", "has_sheet": false}}, {"type": "Feature", "geometry": {"type": "Polygon", "coordinates": [[[106.22596454892802, -1.500479071864894], [106.30929788226135, -1.500479071864894], [106.30929788226135, -1.5838124051982272], [106.22596454892802, -1.5838124051982272], [106.22596454892802, -1.500479071864894]]]}, "properties": {"cell_col": 13, "cell_row": -6, "sheet_id": "35-XXIII-k", "has_sheet": false}}, {"type": "Feature", "geometry": {"type": "Polygon", "coordinates": [[[106.22596454892802, -1.5838124051982274], [106.30929788226135, -1.5838124051982274], [106.30929788226135, -1.6671457385315607], [106.22596454892802, -1.6671457385315607], [106.22596454892802, -1.5838124051982274]]]}, "properties": {"cell_col": 13, "cell_row": -5, "sheet_id": "35-XXIII-o", "has_sheet": false}}, {"type": "Feature", "geometry": {"type": "Polygon", "coordinates": [[[106.22596454892802, -1.6671457385315607], [106.30929788226135, -1.6671457385315607], [106.30929788226135, -1.750479071864894], [106.22596454892802, -1.750479071864894], [106.22596454892802, -1.6671457385315607]]]}, "properties": {"cell_col": 13, "cell_row": -4, "sheet_id": "35-XXIV-b", "has_sheet": false}}, {"type": "Feature", "geometry": {"type": "Polygon", "coordinates": [[[106.22596454892802, -1.750479071864894], [106.30929788226135, -1.750479071864894], [106.30929788226135, -1.8338124051982272], [106.22596454892802, -1.8338124051982272], [106.22596454892802, -1.750479071864894]]]}, "properties": {"cell_col": 13, "cell_row": -3, "sheet_id": "35-XXIV-f", "has_sheet": false}}, {"type": "Feature", "geometry": {"type": "Polygon", "coordinates": [[[106.22596454892802, -1.8338124051982272], [106.30929788226135, -1.8338124051982272], [106.30929788226135, -1.9171457385315605], [106.22596454892802, -1.9171457385315605], [106.22596454892802, -1.8338124051982272]]]}, "properties": {"cell_col": 13, "cell_row": -2, "sheet_id": "35-XXIV-k", "has_sheet": false}}, {"type": "Feature", "geometry": {"type": "Polygon", "coordinates": [[[106.22596454892802, -1.9171457385315607], [106.30929788226135, -1.9171457385315607], [106.30929788226135, -2.000479071864894], [106.22596454892802, -2.000479071864894], [106.22596454892802, -1.9171457385315607]]]}, "properties": {"cell_col": 13, "cell_row": -1, "sheet_id": "35-XXIV-o", "has_sheet": false}}, {"type": "Feature", "geometry": {"type": "Polygon", "coordinates": [[[106.22596454892802, -2.000479071864894], [106.30929788226135, -2.000479071864894], [106.30929788226135, -2.0838124051982274], [106.22596454892802, -2.0838124051982274], [106.22596454892802, -2.000479071864894]]]}, "properties": {"cell_col": 13, "cell_row": 0, "sheet_id": "35-XXV-b", "has_sheet": false}}, {"type": "Feature", "geometry": {"type": "Polygon", "coordinates": [[[106.22596454892802, -2.0838124051982274], [106.30929788226135, -2.0838124051982274], [106.30929788226135, -2.167145738531561], [106.22596454892802, -2.167145738531561], [106.22596454892802, -2.0838124051982274]]]}, "properties": {"cell_col": 13, "cell_row": 1, "sheet_id": "35-XXV-f", "has_sheet": false}}, {"type": "Feature", "geometry": {"type": "Polygon", "coordinates": [[[106.22596454892802, -2.1671457385315605], [106.30929788226135, -2.1671457385315605], [106.30929788226135, -2.250479071864894], [106.22596454892802, -2.250479071864894], [106.22596454892802, -2.1671457385315605]]]}, "properties": {"cell_col": 13, "cell_row": 2, "sheet_id": "35-XXV-k", "has_sheet": false}}, {"type": "Feature", "geometry": {"type": "Polygon", "coordinates": [[[106.22596454892802, -2.250479071864894], [106.30929788226135, -2.250479071864894], [106.30929788226135, -2.3338124051982274], [106.22596454892802, -2.3338124051982274], [106.22596454892802, -2.250479071864894]]]}, "properties": {"cell_col": 13, "cell_row": 3, "sheet_id": "35-XXV-o", "has_sheet": true}}, {"type": "Feature", "geometry": {"type": "Polygon", "coordinates": [[[106.22596454892802, -2.3338124051982274], [106.30929788226135, -2.3338124051982274], [106.30929788226135, -2.417145738531561], [106.22596454892802, -2.417145738531561], [106.22596454892802, -2.3338124051982274]]]}, "properties": {"cell_col": 13, "cell_row": 4, "sheet_id": "35-XXVI-b", "has_sheet": true}}, {"type": "Feature", "geometry": {"type": "Polygon", "coordinates": [[[106.22596454892802, -2.4171457385315605], [106.30929788226135, -2.4171457385315605], [106.30929788226135, -2.500479071864894], [106.22596454892802, -2.500479071864894], [106.22596454892802, -2.4171457385315605]]]}, "properties": {"cell_col": 13, "cell_row": 5, "sheet_id": "35-XXVI-f", "has_sheet": true}}, {"type": "Feature", "geometry": {"type": "Polygon", "coordinates": [[[106.22596454892802, -2.500479071864894], [106.30929788226135, -2.500479071864894], [106.30929788226135, -2.5838124051982274], [106.22596454892802, -2.5838124051982274], [106.22596454892802, -2.500479071864894]]]}, "properties": {"cell_col": 13, "cell_row": 6, "sheet_id": "35-XXVI-k", "has_sheet": true}}, {"type": "Feature", "geometry": {"type": "Polygon", "coordinates": [[[106.22596454892802, -2.583812405198227], [106.30929788226135, -2.583812405198227], [106.30929788226135, -2.6671457385315605], [106.22596454892802, -2.6671457385315605], [106.22596454892802, -2.583812405198227]]]}, "properties": {"cell_col": 13, "cell_row": 7, "sheet_id": "35-XXVI-o", "has_sheet": true}}, {"type": "Feature", "geometry": {"type": "Polygon", "coordinates": [[[106.22596454892802, -2.6671457385315605], [106.30929788226135, -2.6671457385315605], [106.30929788226135, -2.750479071864894], [106.22596454892802, -2.750479071864894], [106.22596454892802, -2.6671457385315605]]]}, "properties": {"cell_col": 13, "cell_row": 8, "sheet_id": "35-XXVII-b", "has_sheet": true}}, {"type": "Feature", "geometry": {"type": "Polygon", "coordinates": [[[106.22596454892802, -2.750479071864894], [106.30929788226135, -2.750479071864894], [106.30929788226135, -2.8338124051982274], [106.22596454892802, -2.8338124051982274], [106.22596454892802, -2.750479071864894]]]}, "properties": {"cell_col": 13, "cell_row": 9, "sheet_id": "35-XXVII-f", "has_sheet": true}}, {"type": "Feature", "geometry": {"type": "Polygon", "coordinates": [[[106.22596454892802, -2.833812405198227], [106.30929788226135, -2.833812405198227], [106.30929788226135, -2.9171457385315605], [106.22596454892802, -2.9171457385315605], [106.22596454892802, -2.833812405198227]]]}, "properties": {"cell_col": 13, "cell_row": 10, "sheet_id": "35-XXVII-k", "has_sheet": true}}, {"type": "Feature", "geometry": {"type": "Polygon", "coordinates": [[[106.22596454892802, -2.9171457385315605], [106.30929788226135, -2.9171457385315605], [106.30929788226135, -3.000479071864894], [106.22596454892802, -3.000479071864894], [106.22596454892802, -2.9171457385315605]]]}, "properties": {"cell_col": 13, "cell_row": 11, "sheet_id": "35-XXVII-o", "has_sheet": true}}, {"type": "Feature", "geometry": {"type": "Polygon", "coordinates": [[[106.22596454892802, -3.000479071864894], [106.30929788226135, -3.000479071864894], [106.30929788226135, -3.0838124051982274], [106.22596454892802, -3.0838124051982274], [106.22596454892802, -3.000479071864894]]]}, "properties": {"cell_col": 13, "cell_row": 12, "sheet_id": "35-XXVIII-b", "has_sheet": false}}, {"type": "Feature", "geometry": {"type": "Polygon", "coordinates": [[[106.22596454892802, -3.083812405198227], [106.30929788226135, -3.083812405198227], [106.30929788226135, -3.1671457385315605], [106.22596454892802, -3.1671457385315605], [106.22596454892802, -3.083812405198227]]]}, "properties": {"cell_col": 13, "cell_row": 13, "sheet_id": "35-XXVIII-f", "has_sheet": false}}, {"type": "Feature", "geometry": {"type": "Polygon", "coordinates": [[[106.22596454892802, -3.1671457385315605], [106.30929788226135, -3.1671457385315605], [106.30929788226135, -3.250479071864894], [106.22596454892802, -3.250479071864894], [106.22596454892802, -3.1671457385315605]]]}, "properties": {"cell_col": 13, "cell_row": 14, "sheet_id": "35-XXVIII-k", "has_sheet": false}}, {"type": "Feature", "geometry": {"type": "Polygon", "coordinates": [[[106.30929788226136, -1.3338124051982274], [106.39263121559469, -1.3338124051982274], [106.39263121559469, -1.4171457385315607], [106.30929788226136, -1.4171457385315607], [106.30929788226136, -1.3338124051982274]]]}, "properties": {"cell_col": 14, "cell_row": -8, "sheet_id": "35-XXIII-c", "has_sheet": false}}, {"type": "Feature", "geometry": {"type": "Polygon", "coordinates": [[[106.30929788226136, -1.4171457385315607], [106.39263121559469, -1.4171457385315607], [106.39263121559469, -1.500479071864894], [106.30929788226136, -1.500479071864894], [106.30929788226136, -1.4171457385315607]]]}, "properties": {"cell_col": 14, "cell_row": -7, "sheet_id": "35-XXIII-g", "has_sheet": false}}, {"type": "Feature", "geometry": {"type": "Polygon", "coordinates": [[[106.30929788226136, -1.500479071864894], [106.39263121559469, -1.500479071864894], [106.39263121559469, -1.5838124051982272], [106.30929788226136, -1.5838124051982272], [106.30929788226136, -1.500479071864894]]]}, "properties": {"cell_col": 14, "cell_row": -6, "sheet_id": "35-XXIII-l", "has_sheet": false}}, {"type": "Feature", "geometry": {"type": "Polygon", "coordinates": [[[106.30929788226136, -1.5838124051982274], [106.39263121559469, -1.5838124051982274], [106.39263121559469, -1.6671457385315607], [106.30929788226136, -1.6671457385315607], [106.30929788226136, -1.5838124051982274]]]}, "properties": {"cell_col": 14, "cell_row": -5, "sheet_id": "35-XXIII-p", "has_sheet": false}}, {"type": "Feature", "geometry": {"type": "Polygon", "coordinates": [[[106.30929788226136, -1.6671457385315607], [106.39263121559469, -1.6671457385315607], [106.39263121559469, -1.750479071864894], [106.30929788226136, -1.750479071864894], [106.30929788226136, -1.6671457385315607]]]}, "properties": {"cell_col": 14, "cell_row": -4, "sheet_id": "35-XXIV-c", "has_sheet": false}}, {"type": "Feature", "geometry": {"type": "Polygon", "coordinates": [[[106.30929788226136, -1.750479071864894], [106.39263121559469, -1.750479071864894], [106.39263121559469, -1.8338124051982272], [106.30929788226136, -1.8338124051982272], [106.30929788226136, -1.750479071864894]]]}, "properties": {"cell_col": 14, "cell_row": -3, "sheet_id": "35-XXIV-g", "has_sheet": false}}, {"type": "Feature", "geometry": {"type": "Polygon", "coordinates": [[[106.30929788226136, -1.8338124051982272], [106.39263121559469, -1.8338124051982272], [106.39263121559469, -1.9171457385315605], [106.30929788226136, -1.9171457385315605], [106.30929788226136, -1.8338124051982272]]]}, "properties": {"cell_col": 14, "cell_row": -2, "sheet_id": "35-XXIV-l", "has_sheet": false}}, {"type": "Feature", "geometry": {"type": "Polygon", "coordinates": [[[106.30929788226136, -1.9171457385315607], [106.39263121559469, -1.9171457385315607], [106.39263121559469, -2.000479071864894], [106.30929788226136, -2.000479071864894], [106.30929788226136, -1.9171457385315607]]]}, "properties": {"cell_col": 14, "cell_row": -1, "sheet_id": "35-XXIV-p", "has_sheet": false}}, {"type": "Feature", "geometry": {"type": "Polygon", "coordinates": [[[106.30929788226136, -2.000479071864894], [106.39263121559469, -2.000479071864894], [106.39263121559469, -2.0838124051982274], [106.30929788226136, -2.0838124051982274], [106.30929788226136, -2.000479071864894]]]}, "properties": {"cell_col": 14, "cell_row": 0, "sheet_id": "35-XXV-c", "has_sheet": false}}, {"type": "Feature", "geometry": {"type": "Polygon", "coordinates": [[[106.30929788226136, -2.0838124051982274], [106.39263121559469, -2.0838124051982274], [106.39263121559469, -2.167145738531561], [106.30929788226136, -2.167145738531561], [106.30929788226136, -2.0838124051982274]]]}, "properties": {"cell_col": 14, "cell_row": 1, "sheet_id": "35-XXV-g", "has_sheet": false}}, {"type": "Feature", "geometry": {"type": "Polygon", "coordinates": [[[106.30929788226136, -2.1671457385315605], [106.39263121559469, -2.1671457385315605], [106.39263121559469, -2.250479071864894], [106.30929788226136, -2.250479071864894], [106.30929788226136, -2.1671457385315605]]]}, "properties": {"cell_col": 14, "cell_row": 2, "sheet_id": "35-XXV-l", "has_sheet": false}}, {"type": "Feature", "geometry": {"type": "Polygon", "coordinates": [[[106.30929788226136, -2.250479071864894], [106.39263121559469, -2.250479071864894], [106.39263121559469, -2.3338124051982274], [106.30929788226136, -2.3338124051982274], [106.30929788226136, -2.250479071864894]]]}, "properties": {"cell_col": 14, "cell_row": 3, "sheet_id": "35-XXV-p", "has_sheet": false}}, {"type": "Feature", "geometry": {"type": "Polygon", "coordinates": [[[106.30929788226136, -2.3338124051982274], [106.39263121559469, -2.3338124051982274], [106.39263121559469, -2.417145738531561], [106.30929788226136, -2.417145738531561], [106.30929788226136, -2.3338124051982274]]]}, "properties": {"cell_col": 14, "cell_row": 4, "sheet_id": "35-XXVI-c", "has_sheet": false}}, {"type": "Feature", "geometry": {"type": "Polygon", "coordinates": [[[106.30929788226136, -2.4171457385315605], [106.39263121559469, -2.4171457385315605], [106.39263121559469, -2.500479071864894], [106.30929788226136, -2.500479071864894], [106.30929788226136, -2.4171457385315605]]]}, "properties": {"cell_col": 14, "cell_row": 5, "sheet_id": "35-XXVI-g", "has_sheet": true}}, {"type": "Feature", "geometry": {"type": "Polygon", "coordinates": [[[106.30929788226136, -2.500479071864894], [106.39263121559469, -2.500479071864894], [106.39263121559469, -2.5838124051982274], [106.30929788226136, -2.5838124051982274], [106.30929788226136, -2.500479071864894]]]}, "properties": {"cell_col": 14, "cell_row": 6, "sheet_id": "35-XXVI-l", "has_sheet": true}}, {"type": "Feature", "geometry": {"type": "Polygon", "coordinates": [[[106.30929788226136, -2.583812405198227], [106.39263121559469, -2.583812405198227], [106.39263121559469, -2.6671457385315605], [106.30929788226136, -2.6671457385315605], [106.30929788226136, -2.583812405198227]]]}, "properties": {"cell_col": 14, "cell_row": 7, "sheet_id": "35-XXVI-p", "has_sheet": true}}, {"type": "Feature", "geometry": {"type": "Polygon", "coordinates": [[[106.30929788226136, -2.6671457385315605], [106.39263121559469, -2.6671457385315605], [106.39263121559469, -2.750479071864894], [106.30929788226136, -2.750479071864894], [106.30929788226136, -2.6671457385315605]]]}, "properties": {"cell_col": 14, "cell_row": 8, "sheet_id": "35-XXVII-c", "has_sheet": true}}, {"type": "Feature", "geometry": {"type": "Polygon", "coordinates": [[[106.30929788226136, -2.750479071864894], [106.39263121559469, -2.750479071864894], [106.39263121559469, -2.8338124051982274], [106.30929788226136, -2.8338124051982274], [106.30929788226136, -2.750479071864894]]]}, "properties": {"cell_col": 14, "cell_row": 9, "sheet_id": "35-XXVII-g", "has_sheet": true}}, {"type": "Feature", "geometry": {"type": "Polygon", "coordinates": [[[106.30929788226136, -2.833812405198227], [106.39263121559469, -2.833812405198227], [106.39263121559469, -2.9171457385315605], [106.30929788226136, -2.9171457385315605], [106.30929788226136, -2.833812405198227]]]}, "properties": {"cell_col": 14, "cell_row": 10, "sheet_id": "35-XXVII-l", "has_sheet": true}}, {"type": "Feature", "geometry": {"type": "Polygon", "coordinates": [[[106.30929788226136, -2.9171457385315605], [106.39263121559469, -2.9171457385315605], [106.39263121559469, -3.000479071864894], [106.30929788226136, -3.000479071864894], [106.30929788226136, -2.9171457385315605]]]}, "properties": {"cell_col": 14, "cell_row": 11, "sheet_id": "35-XXVII-p", "has_sheet": true}}, {"type": "Feature", "geometry": {"type": "Polygon", "coordinates": [[[106.30929788226136, -3.000479071864894], [106.39263121559469, -3.000479071864894], [106.39263121559469, -3.0838124051982274], [106.30929788226136, -3.0838124051982274], [106.30929788226136, -3.000479071864894]]]}, "properties": {"cell_col": 14, "cell_row": 12, "sheet_id": "35-XXVIII-c", "has_sheet": false}}, {"type": "Feature", "geometry": {"type": "Polygon", "coordinates": [[[106.30929788226136, -3.083812405198227], [106.39263121559469, -3.083812405198227], [106.39263121559469, -3.1671457385315605], [106.30929788226136, -3.1671457385315605], [106.30929788226136, -3.083812405198227]]]}, "properties": {"cell_col": 14, "cell_row": 13, "sheet_id": "35-XXVIII-g", "has_sheet": false}}, {"type": "Feature", "geometry": {"type": "Polygon", "coordinates": [[[106.30929788226136, -3.1671457385315605], [106.39263121559469, -3.1671457385315605], [106.39263121559469, -3.250479071864894], [106.30929788226136, -3.250479071864894], [106.30929788226136, -3.1671457385315605]]]}, "properties": {"cell_col": 14, "cell_row": 14, "sheet_id": "35-XXVIII-l", "has_sheet": false}}, {"type": "Feature", "geometry": {"type": "Polygon", "coordinates": [[[106.39263121559469, -1.3338124051982274], [106.47596454892802, -1.3338124051982274], [106.47596454892802, -1.4171457385315607], [106.39263121559469, -1.4171457385315607], [106.39263121559469, -1.3338124051982274]]]}, "properties": {"cell_col": 15, "cell_row": -8, "sheet_id": "35-XXIII-d", "has_sheet": false}}, {"type": "Feature", "geometry": {"type": "Polygon", "coordinates": [[[106.39263121559469, -1.4171457385315607], [106.47596454892802, -1.4171457385315607], [106.47596454892802, -1.500479071864894], [106.39263121559469, -1.500479071864894], [106.39263121559469, -1.4171457385315607]]]}, "properties": {"cell_col": 15, "cell_row": -7, "sheet_id": "35-XXIII-h", "has_sheet": false}}, {"type": "Feature", "geometry": {"type": "Polygon", "coordinates": [[[106.39263121559469, -1.500479071864894], [106.47596454892802, -1.500479071864894], [106.47596454892802, -1.5838124051982272], [106.39263121559469, -1.5838124051982272], [106.39263121559469, -1.500479071864894]]]}, "properties": {"cell_col": 15, "cell_row": -6, "sheet_id": "35-XXIII-m", "has_sheet": false}}, {"type": "Feature", "geometry": {"type": "Polygon", "coordinates": [[[106.39263121559469, -1.5838124051982274], [106.47596454892802, -1.5838124051982274], [106.47596454892802, -1.6671457385315607], [106.39263121559469, -1.6671457385315607], [106.39263121559469, -1.5838124051982274]]]}, "properties": {"cell_col": 15, "cell_row": -5, "sheet_id": "35-XXIII-q", "has_sheet": false}}, {"type": "Feature", "geometry": {"type": "Polygon", "coordinates": [[[106.39263121559469, -1.6671457385315607], [106.47596454892802, -1.6671457385315607], [106.47596454892802, -1.750479071864894], [106.39263121559469, -1.750479071864894], [106.39263121559469, -1.6671457385315607]]]}, "properties": {"cell_col": 15, "cell_row": -4, "sheet_id": "35-XXIV-d", "has_sheet": false}}, {"type": "Feature", "geometry": {"type": "Polygon", "coordinates": [[[106.39263121559469, -1.750479071864894], [106.47596454892802, -1.750479071864894], [106.47596454892802, -1.8338124051982272], [106.39263121559469, -1.8338124051982272], [106.39263121559469, -1.750479071864894]]]}, "properties": {"cell_col": 15, "cell_row": -3, "sheet_id": "35-XXIV-h", "has_sheet": false}}, {"type": "Feature", "geometry": {"type": "Polygon", "coordinates": [[[106.39263121559469, -1.8338124051982272], [106.47596454892802, -1.8338124051982272], [106.47596454892802, -1.9171457385315605], [106.39263121559469, -1.9171457385315605], [106.39263121559469, -1.8338124051982272]]]}, "properties": {"cell_col": 15, "cell_row": -2, "sheet_id": "35-XXIV-m", "has_sheet": false}}, {"type": "Feature", "geometry": {"type": "Polygon", "coordinates": [[[106.39263121559469, -1.9171457385315607], [106.47596454892802, -1.9171457385315607], [106.47596454892802, -2.000479071864894], [106.39263121559469, -2.000479071864894], [106.39263121559469, -1.9171457385315607]]]}, "properties": {"cell_col": 15, "cell_row": -1, "sheet_id": "35-XXIV-q", "has_sheet": false}}, {"type": "Feature", "geometry": {"type": "Polygon", "coordinates": [[[106.39263121559469, -2.000479071864894], [106.47596454892802, -2.000479071864894], [106.47596454892802, -2.0838124051982274], [106.39263121559469, -2.0838124051982274], [106.39263121559469, -2.000479071864894]]]}, "properties": {"cell_col": 15, "cell_row": 0, "sheet_id": "35-XXV-d", "has_sheet": false}}, {"type": "Feature", "geometry": {"type": "Polygon", "coordinates": [[[106.39263121559469, -2.0838124051982274], [106.47596454892802, -2.0838124051982274], [106.47596454892802, -2.167145738531561], [106.39263121559469, -2.167145738531561], [106.39263121559469, -2.0838124051982274]]]}, "properties": {"cell_col": 15, "cell_row": 1, "sheet_id": "35-XXV-h", "has_sheet": false}}, {"type": "Feature", "geometry": {"type": "Polygon", "coordinates": [[[106.39263121559469, -2.1671457385315605], [106.47596454892802, -2.1671457385315605], [106.47596454892802, -2.250479071864894], [106.39263121559469, -2.250479071864894], [106.39263121559469, -2.1671457385315605]]]}, "properties": {"cell_col": 15, "cell_row": 2, "sheet_id": "35-XXV-m", "has_sheet": false}}, {"type": "Feature", "geometry": {"type": "Polygon", "coordinates": [[[106.39263121559469, -2.250479071864894], [106.47596454892802, -2.250479071864894], [106.47596454892802, -2.3338124051982274], [106.39263121559469, -2.3338124051982274], [106.39263121559469, -2.250479071864894]]]}, "properties": {"cell_col": 15, "cell_row": 3, "sheet_id": "35-XXV-q", "has_sheet": false}}, {"type": "Feature", "geometry": {"type": "Polygon", "coordinates": [[[106.39263121559469, -2.3338124051982274], [106.47596454892802, -2.3338124051982274], [106.47596454892802, -2.417145738531561], [106.39263121559469, -2.417145738531561], [106.39263121559469, -2.3338124051982274]]]}, "properties": {"cell_col": 15, "cell_row": 4, "sheet_id": "35-XXVI-d", "has_sheet": false}}, {"type": "Feature", "geometry": {"type": "Polygon", "coordinates": [[[106.39263121559469, -2.4171457385315605], [106.47596454892802, -2.4171457385315605], [106.47596454892802, -2.500479071864894], [106.39263121559469, -2.500479071864894], [106.39263121559469, -2.4171457385315605]]]}, "properties": {"cell_col": 15, "cell_row": 5, "sheet_id": "35-XXVI-h", "has_sheet": true}}, {"type": "Feature", "geometry": {"type": "Polygon", "coordinates": [[[106.39263121559469, -2.500479071864894], [106.47596454892802, -2.500479071864894], [106.47596454892802, -2.5838124051982274], [106.39263121559469, -2.5838124051982274], [106.39263121559469, -2.500479071864894]]]}, "properties": {"cell_col": 15, "cell_row": 6, "sheet_id": "35-XXVI-m", "has_sheet": true}}, {"type": "Feature", "geometry": {"type": "Polygon", "coordinates": [[[106.39263121559469, -2.583812405198227], [106.47596454892802, -2.583812405198227], [106.47596454892802, -2.6671457385315605], [106.39263121559469, -2.6671457385315605], [106.39263121559469, -2.583812405198227]]]}, "properties": {"cell_col": 15, "cell_row": 7, "sheet_id": "35-XXVI-q", "has_sheet": true}}, {"type": "Feature", "geometry": {"type": "Polygon", "coordinates": [[[106.39263121559469, -2.6671457385315605], [106.47596454892802, -2.6671457385315605], [106.47596454892802, -2.750479071864894], [106.39263121559469, -2.750479071864894], [106.39263121559469, -2.6671457385315605]]]}, "properties": {"cell_col": 15, "cell_row": 8, "sheet_id": "35-XXVII-d", "has_sheet": true}}, {"type": "Feature", "geometry": {"type": "Polygon", "coordinates": [[[106.39263121559469, -2.750479071864894], [106.47596454892802, -2.750479071864894], [106.47596454892802, -2.8338124051982274], [106.39263121559469, -2.8338124051982274], [106.39263121559469, -2.750479071864894]]]}, "properties": {"cell_col": 15, "cell_row": 9, "sheet_id": "35-XXVII-h", "has_sheet": true}}, {"type": "Feature", "geometry": {"type": "Polygon", "coordinates": [[[106.39263121559469, -2.833812405198227], [106.47596454892802, -2.833812405198227], [106.47596454892802, -2.9171457385315605], [106.39263121559469, -2.9171457385315605], [106.39263121559469, -2.833812405198227]]]}, "properties": {"cell_col": 15, "cell_row": 10, "sheet_id": "35-XXVII-m", "has_sheet": true}}, {"type": "Feature", "geometry": {"type": "Polygon", "coordinates": [[[106.39263121559469, -2.9171457385315605], [106.47596454892802, -2.9171457385315605], [106.47596454892802, -3.000479071864894], [106.39263121559469, -3.000479071864894], [106.39263121559469, -2.9171457385315605]]]}, "properties": {"cell_col": 15, "cell_row": 11, "sheet_id": "35-XXVII-q", "has_sheet": true}}, {"type": "Feature", "geometry": {"type": "Polygon", "coordinates": [[[106.39263121559469, -3.000479071864894], [106.47596454892802, -3.000479071864894], [106.47596454892802, -3.0838124051982274], [106.39263121559469, -3.0838124051982274], [106.39263121559469, -3.000479071864894]]]}, "properties": {"cell_col": 15, "cell_row": 12, "sheet_id": "35-XXVIII-d", "has_sheet": true}}, {"type": "Feature", "geometry": {"type": "Polygon", "coordinates": [[[106.39263121559469, -3.083812405198227], [106.47596454892802, -3.083812405198227], [106.47596454892802, -3.1671457385315605], [106.39263121559469, -3.1671457385315605], [106.39263121559469, -3.083812405198227]]]}, "properties": {"cell_col": 15, "cell_row": 13, "sheet_id": "35-XXVIII-h", "has_sheet": false}}, {"type": "Feature", "geometry": {"type": "Polygon", "coordinates": [[[106.39263121559469, -3.1671457385315605], [106.47596454892802, -3.1671457385315605], [106.47596454892802, -3.250479071864894], [106.39263121559469, -3.250479071864894], [106.39263121559469, -3.1671457385315605]]]}, "properties": {"cell_col": 15, "cell_row": 14, "sheet_id": "35-XXVIII-m", "has_sheet": false}}, {"type": "Feature", "geometry": {"type": "Polygon", "coordinates": [[[106.47596454892802, -1.3338124051982274], [106.55929788226135, -1.3338124051982274], [106.55929788226135, -1.4171457385315607], [106.47596454892802, -1.4171457385315607], [106.47596454892802, -1.3338124051982274]]]}, "properties": {"cell_col": 16, "cell_row": -8, "sheet_id": "36-XXIII-a", "has_sheet": false}}, {"type": "Feature", "geometry": {"type": "Polygon", "coordinates": [[[106.47596454892802, -1.4171457385315607], [106.55929788226135, -1.4171457385315607], [106.55929788226135, -1.500479071864894], [106.47596454892802, -1.500479071864894], [106.47596454892802, -1.4171457385315607]]]}, "properties": {"cell_col": 16, "cell_row": -7, "sheet_id": "36-XXIII-e", "has_sheet": false}}, {"type": "Feature", "geometry": {"type": "Polygon", "coordinates": [[[106.47596454892802, -1.500479071864894], [106.55929788226135, -1.500479071864894], [106.55929788226135, -1.5838124051982272], [106.47596454892802, -1.5838124051982272], [106.47596454892802, -1.500479071864894]]]}, "properties": {"cell_col": 16, "cell_row": -6, "sheet_id": "36-XXIII-i", "has_sheet": false}}, {"type": "Feature", "geometry": {"type": "Polygon", "coordinates": [[[106.47596454892802, -1.5838124051982274], [106.55929788226135, -1.5838124051982274], [106.55929788226135, -1.6671457385315607], [106.47596454892802, -1.6671457385315607], [106.47596454892802, -1.5838124051982274]]]}, "properties": {"cell_col": 16, "cell_row": -5, "sheet_id": "36-XXIII-n", "has_sheet": false}}, {"type": "Feature", "geometry": {"type": "Polygon", "coordinates": [[[106.47596454892802, -1.6671457385315607], [106.55929788226135, -1.6671457385315607], [106.55929788226135, -1.750479071864894], [106.47596454892802, -1.750479071864894], [106.47596454892802, -1.6671457385315607]]]}, "properties": {"cell_col": 16, "cell_row": -4, "sheet_id": "36-XXIV-a", "has_sheet": false}}, {"type": "Feature", "geometry": {"type": "Polygon", "coordinates": [[[106.47596454892802, -1.750479071864894], [106.55929788226135, -1.750479071864894], [106.55929788226135, -1.8338124051982272], [106.47596454892802, -1.8338124051982272], [106.47596454892802, -1.750479071864894]]]}, "properties": {"cell_col": 16, "cell_row": -3, "sheet_id": "36-XXIV-e", "has_sheet": false}}, {"type": "Feature", "geometry": {"type": "Polygon", "coordinates": [[[106.47596454892802, -1.8338124051982272], [106.55929788226135, -1.8338124051982272], [106.55929788226135, -1.9171457385315605], [106.47596454892802, -1.9171457385315605], [106.47596454892802, -1.8338124051982272]]]}, "properties": {"cell_col": 16, "cell_row": -2, "sheet_id": "36-XXIV-i", "has_sheet": false}}, {"type": "Feature", "geometry": {"type": "Polygon", "coordinates": [[[106.47596454892802, -1.9171457385315607], [106.55929788226135, -1.9171457385315607], [106.55929788226135, -2.000479071864894], [106.47596454892802, -2.000479071864894], [106.47596454892802, -1.9171457385315607]]]}, "properties": {"cell_col": 16, "cell_row": -1, "sheet_id": "36-XXIV-n", "has_sheet": false}}, {"type": "Feature", "geometry": {"type": "Polygon", "coordinates": [[[106.47596454892802, -2.000479071864894], [106.55929788226135, -2.000479071864894], [106.55929788226135, -2.0838124051982274], [106.47596454892802, -2.0838124051982274], [106.47596454892802, -2.000479071864894]]]}, "properties": {"cell_col": 16, "cell_row": 0, "sheet_id": "36-XXV-a", "has_sheet": false}}, {"type": "Feature", "geometry": {"type": "Polygon", "coordinates": [[[106.47596454892802, -2.0838124051982274], [106.55929788226135, -2.0838124051982274], [106.55929788226135, -2.167145738531561], [106.47596454892802, -2.167145738531561], [106.47596454892802, -2.0838124051982274]]]}, "properties": {"cell_col": 16, "cell_row": 1, "sheet_id": "36-XXV-e", "has_sheet": false}}, {"type": "Feature", "geometry": {"type": "Polygon", "coordinates": [[[106.47596454892802, -2.1671457385315605], [106.55929788226135, -2.1671457385315605], [106.55929788226135, -2.250479071864894], [106.47596454892802, -2.250479071864894], [106.47596454892802, -2.1671457385315605]]]}, "properties": {"cell_col": 16, "cell_row": 2, "sheet_id": "36-XXV-i", "has_sheet": false}}, {"type": "Feature", "geometry": {"type": "Polygon", "coordinates": [[[106.47596454892802, -2.250479071864894], [106.55929788226135, -2.250479071864894], [106.55929788226135, -2.3338124051982274], [106.47596454892802, -2.3338124051982274], [106.47596454892802, -2.250479071864894]]]}, "properties": {"cell_col": 16, "cell_row": 3, "sheet_id": "36-XXV-n", "has_sheet": false}}, {"type": "Feature", "geometry": {"type": "Polygon", "coordinates": [[[106.47596454892802, -2.3338124051982274], [106.55929788226135, -2.3338124051982274], [106.55929788226135, -2.417145738531561], [106.47596454892802, -2.417145738531561], [106.47596454892802, -2.3338124051982274]]]}, "properties": {"cell_col": 16, "cell_row": 4, "sheet_id": "36-XXVI-a", "has_sheet": false}}, {"type": "Feature", "geometry": {"type": "Polygon", "coordinates": [[[106.47596454892802, -2.4171457385315605], [106.55929788226135, -2.4171457385315605], [106.55929788226135, -2.500479071864894], [106.47596454892802, -2.500479071864894], [106.47596454892802, -2.4171457385315605]]]}, "properties": {"cell_col": 16, "cell_row": 5, "sheet_id": "36-XXVI-e", "has_sheet": true}}, {"type": "Feature", "geometry": {"type": "Polygon", "coordinates": [[[106.47596454892802, -2.500479071864894], [106.55929788226135, -2.500479071864894], [106.55929788226135, -2.5838124051982274], [106.47596454892802, -2.5838124051982274], [106.47596454892802, -2.500479071864894]]]}, "properties": {"cell_col": 16, "cell_row": 6, "sheet_id": "36-XXVI-i", "has_sheet": true}}, {"type": "Feature", "geometry": {"type": "Polygon", "coordinates": [[[106.47596454892802, -2.583812405198227], [106.55929788226135, -2.583812405198227], [106.55929788226135, -2.6671457385315605], [106.47596454892802, -2.6671457385315605], [106.47596454892802, -2.583812405198227]]]}, "properties": {"cell_col": 16, "cell_row": 7, "sheet_id": "36-XXVI-n", "has_sheet": true}}, {"type": "Feature", "geometry": {"type": "Polygon", "coordinates": [[[106.47596454892802, -2.6671457385315605], [106.55929788226135, -2.6671457385315605], [106.55929788226135, -2.750479071864894], [106.47596454892802, -2.750479071864894], [106.47596454892802, -2.6671457385315605]]]}, "properties": {"cell_col": 16, "cell_row": 8, "sheet_id": "36-XXVII-a", "has_sheet": true}}, {"type": "Feature", "geometry": {"type": "Polygon", "coordinates": [[[106.47596454892802, -2.750479071864894], [106.55929788226135, -2.750479071864894], [106.55929788226135, -2.8338124051982274], [106.47596454892802, -2.8338124051982274], [106.47596454892802, -2.750479071864894]]]}, "properties": {"cell_col": 16, "cell_row": 9, "sheet_id": "36-XXVII-e", "has_sheet": true}}, {"type": "Feature", "geometry": {"type": "Polygon", "coordinates": [[[106.47596454892802, -2.833812405198227], [106.55929788226135, -2.833812405198227], [106.55929788226135, -2.9171457385315605], [106.47596454892802, -2.9171457385315605], [106.47596454892802, -2.833812405198227]]]}, "properties": {"cell_col": 16, "cell_row": 10, "sheet_id": "36-XXVII-i", "has_sheet": true}}, {"type": "Feature", "geometry": {"type": "Polygon", "coordinates": [[[106.47596454892802, -2.9171457385315605], [106.55929788226135, -2.9171457385315605], [106.55929788226135, -3.000479071864894], [106.47596454892802, -3.000479071864894], [106.47596454892802, -2.9171457385315605]]]}, "properties": {"cell_col": 16, "cell_row": 11, "sheet_id": "36-XXVII-n", "has_sheet": true}}, {"type": "Feature", "geometry": {"type": "Polygon", "coordinates": [[[106.47596454892802, -3.000479071864894], [106.55929788226135, -3.000479071864894], [106.55929788226135, -3.0838124051982274], [106.47596454892802, -3.0838124051982274], [106.47596454892802, -3.000479071864894]]]}, "properties": {"cell_col": 16, "cell_row": 12, "sheet_id": "36-XXVIII-a", "has_sheet": true}}, {"type": "Feature", "geometry": {"type": "Polygon", "coordinates": [[[106.47596454892802, -3.083812405198227], [106.55929788226135, -3.083812405198227], [106.55929788226135, -3.1671457385315605], [106.47596454892802, -3.1671457385315605], [106.47596454892802, -3.083812405198227]]]}, "properties": {"cell_col": 16, "cell_row": 13, "sheet_id": "36-XXVIII-e", "has_sheet": true}}, {"type": "Feature", "geometry": {"type": "Polygon", "coordinates": [[[106.47596454892802, -3.1671457385315605], [106.55929788226135, -3.1671457385315605], [106.55929788226135, -3.250479071864894], [106.47596454892802, -3.250479071864894], [106.47596454892802, -3.1671457385315605]]]}, "properties": {"cell_col": 16, "cell_row": 14, "sheet_id": "36-XXVIII-i", "has_sheet": false}}, {"type": "Feature", "geometry": {"type": "Polygon", "coordinates": [[[106.55929788226136, -1.3338124051982274], [106.64263121559469, -1.3338124051982274], [106.64263121559469, -1.4171457385315607], [106.55929788226136, -1.4171457385315607], [106.55929788226136, -1.3338124051982274]]]}, "properties": {"cell_col": 17, "cell_row": -8, "sheet_id": "36-XXIII-b", "has_sheet": false}}, {"type": "Feature", "geometry": {"type": "Polygon", "coordinates": [[[106.55929788226136, -1.4171457385315607], [106.64263121559469, -1.4171457385315607], [106.64263121559469, -1.500479071864894], [106.55929788226136, -1.500479071864894], [106.55929788226136, -1.4171457385315607]]]}, "properties": {"cell_col": 17, "cell_row": -7, "sheet_id": "36-XXIII-f", "has_sheet": false}}, {"type": "Feature", "geometry": {"type": "Polygon", "coordinates": [[[106.55929788226136, -1.500479071864894], [106.64263121559469, -1.500479071864894], [106.64263121559469, -1.5838124051982272], [106.55929788226136, -1.5838124051982272], [106.55929788226136, -1.500479071864894]]]}, "properties": {"cell_col": 17, "cell_row": -6, "sheet_id": "36-XXIII-k", "has_sheet": false}}, {"type": "Feature", "geometry": {"type": "Polygon", "coordinates": [[[106.55929788226136, -1.5838124051982274], [106.64263121559469, -1.5838124051982274], [106.64263121559469, -1.6671457385315607], [106.55929788226136, -1.6671457385315607], [106.55929788226136, -1.5838124051982274]]]}, "properties": {"cell_col": 17, "cell_row": -5, "sheet_id": "36-XXIII-o", "has_sheet": false}}, {"type": "Feature", "geometry": {"type": "Polygon", "coordinates": [[[106.55929788226136, -1.6671457385315607], [106.64263121559469, -1.6671457385315607], [106.64263121559469, -1.750479071864894], [106.55929788226136, -1.750479071864894], [106.55929788226136, -1.6671457385315607]]]}, "properties": {"cell_col": 17, "cell_row": -4, "sheet_id": "36-XXIV-b", "has_sheet": false}}, {"type": "Feature", "geometry": {"type": "Polygon", "coordinates": [[[106.55929788226136, -1.750479071864894], [106.64263121559469, -1.750479071864894], [106.64263121559469, -1.8338124051982272], [106.55929788226136, -1.8338124051982272], [106.55929788226136, -1.750479071864894]]]}, "properties": {"cell_col": 17, "cell_row": -3, "sheet_id": "36-XXIV-f", "has_sheet": false}}, {"type": "Feature", "geometry": {"type": "Polygon", "coordinates": [[[106.55929788226136, -1.8338124051982272], [106.64263121559469, -1.8338124051982272], [106.64263121559469, -1.9171457385315605], [106.55929788226136, -1.9171457385315605], [106.55929788226136, -1.8338124051982272]]]}, "properties": {"cell_col": 17, "cell_row": -2, "sheet_id": "36-XXIV-k", "has_sheet": false}}, {"type": "Feature", "geometry": {"type": "Polygon", "coordinates": [[[106.55929788226136, -1.9171457385315607], [106.64263121559469, -1.9171457385315607], [106.64263121559469, -2.000479071864894], [106.55929788226136, -2.000479071864894], [106.55929788226136, -1.9171457385315607]]]}, "properties": {"cell_col": 17, "cell_row": -1, "sheet_id": "36-XXIV-o", "has_sheet": false}}, {"type": "Feature", "geometry": {"type": "Polygon", "coordinates": [[[106.55929788226136, -2.000479071864894], [106.64263121559469, -2.000479071864894], [106.64263121559469, -2.0838124051982274], [106.55929788226136, -2.0838124051982274], [106.55929788226136, -2.000479071864894]]]}, "properties": {"cell_col": 17, "cell_row": 0, "sheet_id": "36-XXV-b", "has_sheet": false}}, {"type": "Feature", "geometry": {"type": "Polygon", "coordinates": [[[106.55929788226136, -2.0838124051982274], [106.64263121559469, -2.0838124051982274], [106.64263121559469, -2.167145738531561], [106.55929788226136, -2.167145738531561], [106.55929788226136, -2.0838124051982274]]]}, "properties": {"cell_col": 17, "cell_row": 1, "sheet_id": "36-XXV-f", "has_sheet": false}}, {"type": "Feature", "geometry": {"type": "Polygon", "coordinates": [[[106.55929788226136, -2.1671457385315605], [106.64263121559469, -2.1671457385315605], [106.64263121559469, -2.250479071864894], [106.55929788226136, -2.250479071864894], [106.55929788226136, -2.1671457385315605]]]}, "properties": {"cell_col": 17, "cell_row": 2, "sheet_id": "36-XXV-k", "has_sheet": false}}, {"type": "Feature", "geometry": {"type": "Polygon", "coordinates": [[[106.55929788226136, -2.250479071864894], [106.64263121559469, -2.250479071864894], [106.64263121559469, -2.3338124051982274], [106.55929788226136, -2.3338124051982274], [106.55929788226136, -2.250479071864894]]]}, "properties": {"cell_col": 17, "cell_row": 3, "sheet_id": "36-XXV-o", "has_sheet": false}}, {"type": "Feature", "geometry": {"type": "Polygon", "coordinates": [[[106.55929788226136, -2.3338124051982274], [106.64263121559469, -2.3338124051982274], [106.64263121559469, -2.417145738531561], [106.55929788226136, -2.417145738531561], [106.55929788226136, -2.3338124051982274]]]}, "properties": {"cell_col": 17, "cell_row": 4, "sheet_id": "36-XXVI-b", "has_sheet": false}}, {"type": "Feature", "geometry": {"type": "Polygon", "coordinates": [[[106.55929788226136, -2.4171457385315605], [106.64263121559469, -2.4171457385315605], [106.64263121559469, -2.500479071864894], [106.55929788226136, -2.500479071864894], [106.55929788226136, -2.4171457385315605]]]}, "properties": {"cell_col": 17, "cell_row": 5, "sheet_id": "36-XXVI-f", "has_sheet": false}}, {"type": "Feature", "geometry": {"type": "Polygon", "coordinates": [[[106.55929788226136, -2.500479071864894], [106.64263121559469, -2.500479071864894], [106.64263121559469, -2.5838124051982274], [106.55929788226136, -2.5838124051982274], [106.55929788226136, -2.500479071864894]]]}, "properties": {"cell_col": 17, "cell_row": 6, "sheet_id": "36-XXVI-k", "has_sheet": true}}, {"type": "Feature", "geometry": {"type": "Polygon", "coordinates": [[[106.55929788226136, -2.583812405198227], [106.64263121559469, -2.583812405198227], [106.64263121559469, -2.6671457385315605], [106.55929788226136, -2.6671457385315605], [106.55929788226136, -2.583812405198227]]]}, "properties": {"cell_col": 17, "cell_row": 7, "sheet_id": "36-XXVI-o", "has_sheet": true}}, {"type": "Feature", "geometry": {"type": "Polygon", "coordinates": [[[106.55929788226136, -2.6671457385315605], [106.64263121559469, -2.6671457385315605], [106.64263121559469, -2.750479071864894], [106.55929788226136, -2.750479071864894], [106.55929788226136, -2.6671457385315605]]]}, "properties": {"cell_col": 17, "cell_row": 8, "sheet_id": "36-XXVII-b", "has_sheet": true}}, {"type": "Feature", "geometry": {"type": "Polygon", "coordinates": [[[106.55929788226136, -2.750479071864894], [106.64263121559469, -2.750479071864894], [106.64263121559469, -2.8338124051982274], [106.55929788226136, -2.8338124051982274], [106.55929788226136, -2.750479071864894]]]}, "properties": {"cell_col": 17, "cell_row": 9, "sheet_id": "36-XXVII-f", "has_sheet": true}}, {"type": "Feature", "geometry": {"type": "Polygon", "coordinates": [[[106.55929788226136, -2.833812405198227], [106.64263121559469, -2.833812405198227], [106.64263121559469, -2.9171457385315605], [106.55929788226136, -2.9171457385315605], [106.55929788226136, -2.833812405198227]]]}, "properties": {"cell_col": 17, "cell_row": 10, "sheet_id": "36-XXVII-k", "has_sheet": true}}, {"type": "Feature", "geometry": {"type": "Polygon", "coordinates": [[[106.55929788226136, -2.9171457385315605], [106.64263121559469, -2.9171457385315605], [106.64263121559469, -3.000479071864894], [106.55929788226136, -3.000479071864894], [106.55929788226136, -2.9171457385315605]]]}, "properties": {"cell_col": 17, "cell_row": 11, "sheet_id": "36-XXVII-o", "has_sheet": true}}, {"type": "Feature", "geometry": {"type": "Polygon", "coordinates": [[[106.55929788226136, -3.000479071864894], [106.64263121559469, -3.000479071864894], [106.64263121559469, -3.0838124051982274], [106.55929788226136, -3.0838124051982274], [106.55929788226136, -3.000479071864894]]]}, "properties": {"cell_col": 17, "cell_row": 12, "sheet_id": "36-XXVIII-b", "has_sheet": true}}, {"type": "Feature", "geometry": {"type": "Polygon", "coordinates": [[[106.55929788226136, -3.083812405198227], [106.64263121559469, -3.083812405198227], [106.64263121559469, -3.1671457385315605], [106.55929788226136, -3.1671457385315605], [106.55929788226136, -3.083812405198227]]]}, "properties": {"cell_col": 17, "cell_row": 13, "sheet_id": "36-XXVIII-f", "has_sheet": true}}, {"type": "Feature", "geometry": {"type": "Polygon", "coordinates": [[[106.55929788226136, -3.1671457385315605], [106.64263121559469, -3.1671457385315605], [106.64263121559469, -3.250479071864894], [106.55929788226136, -3.250479071864894], [106.55929788226136, -3.1671457385315605]]]}, "properties": {"cell_col": 17, "cell_row": 14, "sheet_id": "36-XXVIII-k", "has_sheet": false}}, {"type": "Feature", "geometry": {"type": "Polygon", "coordinates": [[[106.64263121559469, -1.3338124051982274], [106.72596454892802, -1.3338124051982274], [106.72596454892802, -1.4171457385315607], [106.64263121559469, -1.4171457385315607], [106.64263121559469, -1.3338124051982274]]]}, "properties": {"cell_col": 18, "cell_row": -8, "sheet_id": "36-XXIII-c", "has_sheet": false}}, {"type": "Feature", "geometry": {"type": "Polygon", "coordinates": [[[106.64263121559469, -1.4171457385315607], [106.72596454892802, -1.4171457385315607], [106.72596454892802, -1.500479071864894], [106.64263121559469, -1.500479071864894], [106.64263121559469, -1.4171457385315607]]]}, "properties": {"cell_col": 18, "cell_row": -7, "sheet_id": "36-XXIII-g", "has_sheet": false}}, {"type": "Feature", "geometry": {"type": "Polygon", "coordinates": [[[106.64263121559469, -1.500479071864894], [106.72596454892802, -1.500479071864894], [106.72596454892802, -1.5838124051982272], [106.64263121559469, -1.5838124051982272], [106.64263121559469, -1.500479071864894]]]}, "properties": {"cell_col": 18, "cell_row": -6, "sheet_id": "36-XXIII-l", "has_sheet": false}}, {"type": "Feature", "geometry": {"type": "Polygon", "coordinates": [[[106.64263121559469, -1.5838124051982274], [106.72596454892802, -1.5838124051982274], [106.72596454892802, -1.6671457385315607], [106.64263121559469, -1.6671457385315607], [106.64263121559469, -1.5838124051982274]]]}, "properties": {"cell_col": 18, "cell_row": -5, "sheet_id": "36-XXIII-p", "has_sheet": false}}, {"type": "Feature", "geometry": {"type": "Polygon", "coordinates": [[[106.64263121559469, -1.6671457385315607], [106.72596454892802, -1.6671457385315607], [106.72596454892802, -1.750479071864894], [106.64263121559469, -1.750479071864894], [106.64263121559469, -1.6671457385315607]]]}, "properties": {"cell_col": 18, "cell_row": -4, "sheet_id": "36-XXIV-c", "has_sheet": false}}, {"type": "Feature", "geometry": {"type": "Polygon", "coordinates": [[[106.64263121559469, -1.750479071864894], [106.72596454892802, -1.750479071864894], [106.72596454892802, -1.8338124051982272], [106.64263121559469, -1.8338124051982272], [106.64263121559469, -1.750479071864894]]]}, "properties": {"cell_col": 18, "cell_row": -3, "sheet_id": "36-XXIV-g", "has_sheet": false}}, {"type": "Feature", "geometry": {"type": "Polygon", "coordinates": [[[106.64263121559469, -1.8338124051982272], [106.72596454892802, -1.8338124051982272], [106.72596454892802, -1.9171457385315605], [106.64263121559469, -1.9171457385315605], [106.64263121559469, -1.8338124051982272]]]}, "properties": {"cell_col": 18, "cell_row": -2, "sheet_id": "36-XXIV-l", "has_sheet": false}}, {"type": "Feature", "geometry": {"type": "Polygon", "coordinates": [[[106.64263121559469, -1.9171457385315607], [106.72596454892802, -1.9171457385315607], [106.72596454892802, -2.000479071864894], [106.64263121559469, -2.000479071864894], [106.64263121559469, -1.9171457385315607]]]}, "properties": {"cell_col": 18, "cell_row": -1, "sheet_id": "36-XXIV-p", "has_sheet": false}}, {"type": "Feature", "geometry": {"type": "Polygon", "coordinates": [[[106.64263121559469, -2.000479071864894], [106.72596454892802, -2.000479071864894], [106.72596454892802, -2.0838124051982274], [106.64263121559469, -2.0838124051982274], [106.64263121559469, -2.000479071864894]]]}, "properties": {"cell_col": 18, "cell_row": 0, "sheet_id": "36-XXV-c", "has_sheet": false}}, {"type": "Feature", "geometry": {"type": "Polygon", "coordinates": [[[106.64263121559469, -2.0838124051982274], [106.72596454892802, -2.0838124051982274], [106.72596454892802, -2.167145738531561], [106.64263121559469, -2.167145738531561], [106.64263121559469, -2.0838124051982274]]]}, "properties": {"cell_col": 18, "cell_row": 1, "sheet_id": "36-XXV-g", "has_sheet": false}}, {"type": "Feature", "geometry": {"type": "Polygon", "coordinates": [[[106.64263121559469, -2.1671457385315605], [106.72596454892802, -2.1671457385315605], [106.72596454892802, -2.250479071864894], [106.64263121559469, -2.250479071864894], [106.64263121559469, -2.1671457385315605]]]}, "properties": {"cell_col": 18, "cell_row": 2, "sheet_id": "36-XXV-l", "has_sheet": false}}, {"type": "Feature", "geometry": {"type": "Polygon", "coordinates": [[[106.64263121559469, -2.250479071864894], [106.72596454892802, -2.250479071864894], [106.72596454892802, -2.3338124051982274], [106.64263121559469, -2.3338124051982274], [106.64263121559469, -2.250479071864894]]]}, "properties": {"cell_col": 18, "cell_row": 3, "sheet_id": "36-XXV-p", "has_sheet": false}}, {"type": "Feature", "geometry": {"type": "Polygon", "coordinates": [[[106.64263121559469, -2.3338124051982274], [106.72596454892802, -2.3338124051982274], [106.72596454892802, -2.417145738531561], [106.64263121559469, -2.417145738531561], [106.64263121559469, -2.3338124051982274]]]}, "properties": {"cell_col": 18, "cell_row": 4, "sheet_id": "36-XXVI-c", "has_sheet": false}}, {"type": "Feature", "geometry": {"type": "Polygon", "coordinates": [[[106.64263121559469, -2.4171457385315605], [106.72596454892802, -2.4171457385315605], [106.72596454892802, -2.500479071864894], [106.64263121559469, -2.500479071864894], [106.64263121559469, -2.4171457385315605]]]}, "properties": {"cell_col": 18, "cell_row": 5, "sheet_id": "36-XXVI-g", "has_sheet": false}}, {"type": "Feature", "geometry": {"type": "Polygon", "coordinates": [[[106.64263121559469, -2.500479071864894], [106.72596454892802, -2.500479071864894], [106.72596454892802, -2.5838124051982274], [106.64263121559469, -2.5838124051982274], [106.64263121559469, -2.500479071864894]]]}, "properties": {"cell_col": 18, "cell_row": 6, "sheet_id": "36-XXVI-l", "has_sheet": true}}, {"type": "Feature", "geometry": {"type": "Polygon", "coordinates": [[[106.64263121559469, -2.583812405198227], [106.72596454892802, -2.583812405198227], [106.72596454892802, -2.6671457385315605], [106.64263121559469, -2.6671457385315605], [106.64263121559469, -2.583812405198227]]]}, "properties": {"cell_col": 18, "cell_row": 7, "sheet_id": "36-XXVI-p", "has_sheet": true}}, {"type": "Feature", "geometry": {"type": "Polygon", "coordinates": [[[106.64263121559469, -2.6671457385315605], [106.72596454892802, -2.6671457385315605], [106.72596454892802, -2.750479071864894], [106.64263121559469, -2.750479071864894], [106.64263121559469, -2.6671457385315605]]]}, "properties": {"cell_col": 18, "cell_row": 8, "sheet_id": "36-XXVII-c", "has_sheet": true}}, {"type": "Feature", "geometry": {"type": "Polygon", "coordinates": [[[106.64263121559469, -2.750479071864894], [106.72596454892802, -2.750479071864894], [106.72596454892802, -2.8338124051982274], [106.64263121559469, -2.8338124051982274], [106.64263121559469, -2.750479071864894]]]}, "properties": {"cell_col": 18, "cell_row": 9, "sheet_id": "36-XXVII-g", "has_sheet": true}}, {"type": "Feature", "geometry": {"type": "Polygon", "coordinates": [[[106.64263121559469, -2.833812405198227], [106.72596454892802, -2.833812405198227], [106.72596454892802, -2.9171457385315605], [106.64263121559469, -2.9171457385315605], [106.64263121559469, -2.833812405198227]]]}, "properties": {"cell_col": 18, "cell_row": 10, "sheet_id": "36-XXVII-l", "has_sheet": false}}, {"type": "Feature", "geometry": {"type": "Polygon", "coordinates": [[[106.64263121559469, -2.9171457385315605], [106.72596454892802, -2.9171457385315605], [106.72596454892802, -3.000479071864894], [106.64263121559469, -3.000479071864894], [106.64263121559469, -2.9171457385315605]]]}, "properties": {"cell_col": 18, "cell_row": 11, "sheet_id": "36-XXVII-p", "has_sheet": true}}, {"type": "Feature", "geometry": {"type": "Polygon", "coordinates": [[[106.64263121559469, -3.000479071864894], [106.72596454892802, -3.000479071864894], [106.72596454892802, -3.0838124051982274], [106.64263121559469, -3.0838124051982274], [106.64263121559469, -3.000479071864894]]]}, "properties": {"cell_col": 18, "cell_row": 12, "sheet_id": "36-XXVIII-c", "has_sheet": true}}, {"type": "Feature", "geometry": {"type": "Polygon", "coordinates": [[[106.64263121559469, -3.083812405198227], [106.72596454892802, -3.083812405198227], [106.72596454892802, -3.1671457385315605], [106.64263121559469, -3.1671457385315605], [106.64263121559469, -3.083812405198227]]]}, "properties": {"cell_col": 18, "cell_row": 13, "sheet_id": "36-XXVIII-g", "has_sheet": true}}, {"type": "Feature", "geometry": {"type": "Polygon", "coordinates": [[[106.64263121559469, -3.1671457385315605], [106.72596454892802, -3.1671457385315605], [106.72596454892802, -3.250479071864894], [106.64263121559469, -3.250479071864894], [106.64263121559469, -3.1671457385315605]]]}, "properties": {"cell_col": 18, "cell_row": 14, "sheet_id": "36-XXVIII-l", "has_sheet": false}}, {"type": "Feature", "geometry": {"type": "Polygon", "coordinates": [[[106.72596454892802, -1.3338124051982274], [106.80929788226135, -1.3338124051982274], [106.80929788226135, -1.4171457385315607], [106.72596454892802, -1.4171457385315607], [106.72596454892802, -1.3338124051982274]]]}, "properties": {"cell_col": 19, "cell_row": -8, "sheet_id": "36-XXIII-d", "has_sheet": false}}, {"type": "Feature", "geometry": {"type": "Polygon", "coordinates": [[[106.72596454892802, -1.4171457385315607], [106.80929788226135, -1.4171457385315607], [106.80929788226135, -1.500479071864894], [106.72596454892802, -1.500479071864894], [106.72596454892802, -1.4171457385315607]]]}, "properties": {"cell_col": 19, "cell_row": -7, "sheet_id": "36-XXIII-h", "has_sheet": false}}, {"type": "Feature", "geometry": {"type": "Polygon", "coordinates": [[[106.72596454892802, -1.500479071864894], [106.80929788226135, -1.500479071864894], [106.80929788226135, -1.5838124051982272], [106.72596454892802, -1.5838124051982272], [106.72596454892802, -1.500479071864894]]]}, "properties": {"cell_col": 19, "cell_row": -6, "sheet_id": "36-XXIII-m", "has_sheet": false}}, {"type": "Feature", "geometry": {"type": "Polygon", "coordinates": [[[106.72596454892802, -1.5838124051982274], [106.80929788226135, -1.5838124051982274], [106.80929788226135, -1.6671457385315607], [106.72596454892802, -1.6671457385315607], [106.72596454892802, -1.5838124051982274]]]}, "properties": {"cell_col": 19, "cell_row": -5, "sheet_id": "36-XXIII-q", "has_sheet": false}}, {"type": "Feature", "geometry": {"type": "Polygon", "coordinates": [[[106.72596454892802, -1.6671457385315607], [106.80929788226135, -1.6671457385315607], [106.80929788226135, -1.750479071864894], [106.72596454892802, -1.750479071864894], [106.72596454892802, -1.6671457385315607]]]}, "properties": {"cell_col": 19, "cell_row": -4, "sheet_id": "36-XXIV-d", "has_sheet": false}}, {"type": "Feature", "geometry": {"type": "Polygon", "coordinates": [[[106.72596454892802, -1.750479071864894], [106.80929788226135, -1.750479071864894], [106.80929788226135, -1.8338124051982272], [106.72596454892802, -1.8338124051982272], [106.72596454892802, -1.750479071864894]]]}, "properties": {"cell_col": 19, "cell_row": -3, "sheet_id": "36-XXIV-h", "has_sheet": false}}, {"type": "Feature", "geometry": {"type": "Polygon", "coordinates": [[[106.72596454892802, -1.8338124051982272], [106.80929788226135, -1.8338124051982272], [106.80929788226135, -1.9171457385315605], [106.72596454892802, -1.9171457385315605], [106.72596454892802, -1.8338124051982272]]]}, "properties": {"cell_col": 19, "cell_row": -2, "sheet_id": "36-XXIV-m", "has_sheet": false}}, {"type": "Feature", "geometry": {"type": "Polygon", "coordinates": [[[106.72596454892802, -1.9171457385315607], [106.80929788226135, -1.9171457385315607], [106.80929788226135, -2.000479071864894], [106.72596454892802, -2.000479071864894], [106.72596454892802, -1.9171457385315607]]]}, "properties": {"cell_col": 19, "cell_row": -1, "sheet_id": "36-XXIV-q", "has_sheet": false}}, {"type": "Feature", "geometry": {"type": "Polygon", "coordinates": [[[106.72596454892802, -2.000479071864894], [106.80929788226135, -2.000479071864894], [106.80929788226135, -2.0838124051982274], [106.72596454892802, -2.0838124051982274], [106.72596454892802, -2.000479071864894]]]}, "properties": {"cell_col": 19, "cell_row": 0, "sheet_id": "36-XXV-d", "has_sheet": false}}, {"type": "Feature", "geometry": {"type": "Polygon", "coordinates": [[[106.72596454892802, -2.0838124051982274], [106.80929788226135, -2.0838124051982274], [106.80929788226135, -2.167145738531561], [106.72596454892802, -2.167145738531561], [106.72596454892802, -2.0838124051982274]]]}, "properties": {"cell_col": 19, "cell_row": 1, "sheet_id": "36-XXV-h", "has_sheet": false}}, {"type": "Feature", "geometry": {"type": "Polygon", "coordinates": [[[106.72596454892802, -2.1671457385315605], [106.80929788226135, -2.1671457385315605], [106.80929788226135, -2.250479071864894], [106.72596454892802, -2.250479071864894], [106.72596454892802, -2.1671457385315605]]]}, "properties": {"cell_col": 19, "cell_row": 2, "sheet_id": "36-XXV-m", "has_sheet": false}}, {"type": "Feature", "geometry": {"type": "Polygon", "coordinates": [[[106.72596454892802, -2.250479071864894], [106.80929788226135, -2.250479071864894], [106.80929788226135, -2.3338124051982274], [106.72596454892802, -2.3338124051982274], [106.72596454892802, -2.250479071864894]]]}, "properties": {"cell_col": 19, "cell_row": 3, "sheet_id": "36-XXV-q", "has_sheet": false}}, {"type": "Feature", "geometry": {"type": "Polygon", "coordinates": [[[106.72596454892802, -2.3338124051982274], [106.80929788226135, -2.3338124051982274], [106.80929788226135, -2.417145738531561], [106.72596454892802, -2.417145738531561], [106.72596454892802, -2.3338124051982274]]]}, "properties": {"cell_col": 19, "cell_row": 4, "sheet_id": "36-XXVI-d", "has_sheet": false}}, {"type": "Feature", "geometry": {"type": "Polygon", "coordinates": [[[106.72596454892802, -2.4171457385315605], [106.80929788226135, -2.4171457385315605], [106.80929788226135, -2.500479071864894], [106.72596454892802, -2.500479071864894], [106.72596454892802, -2.4171457385315605]]]}, "properties": {"cell_col": 19, "cell_row": 5, "sheet_id": "36-XXVI-h", "has_sheet": false}}, {"type": "Feature", "geometry": {"type": "Polygon", "coordinates": [[[106.72596454892802, -2.500479071864894], [106.80929788226135, -2.500479071864894], [106.80929788226135, -2.5838124051982274], [106.72596454892802, -2.5838124051982274], [106.72596454892802, -2.500479071864894]]]}, "properties": {"cell_col": 19, "cell_row": 6, "sheet_id": "36-XXVI-m", "has_sheet": true}}, {"type": "Feature", "geometry": {"type": "Polygon", "coordinates": [[[106.72596454892802, -2.583812405198227], [106.80929788226135, -2.583812405198227], [106.80929788226135, -2.6671457385315605], [106.72596454892802, -2.6671457385315605], [106.72596454892802, -2.583812405198227]]]}, "properties": {"cell_col": 19, "cell_row": 7, "sheet_id": "36-XXVI-q", "has_sheet": true}}, {"type": "Feature", "geometry": {"type": "Polygon", "coordinates": [[[106.72596454892802, -2.6671457385315605], [106.80929788226135, -2.6671457385315605], [106.80929788226135, -2.750479071864894], [106.72596454892802, -2.750479071864894], [106.72596454892802, -2.6671457385315605]]]}, "properties": {"cell_col": 19, "cell_row": 8, "sheet_id": "36-XXVII-d", "has_sheet": false}}, {"type": "Feature", "geometry": {"type": "Polygon", "coordinates": [[[106.72596454892802, -2.750479071864894], [106.80929788226135, -2.750479071864894], [106.80929788226135, -2.8338124051982274], [106.72596454892802, -2.8338124051982274], [106.72596454892802, -2.750479071864894]]]}, "properties": {"cell_col": 19, "cell_row": 9, "sheet_id": "36-XXVII-h", "has_sheet": false}}, {"type": "Feature", "geometry": {"type": "Polygon", "coordinates": [[[106.72596454892802, -2.833812405198227], [106.80929788226135, -2.833812405198227], [106.80929788226135, -2.9171457385315605], [106.72596454892802, -2.9171457385315605], [106.72596454892802, -2.833812405198227]]]}, "properties": {"cell_col": 19, "cell_row": 10, "sheet_id": "36-XXVII-m", "has_sheet": false}}, {"type": "Feature", "geometry": {"type": "Polygon", "coordinates": [[[106.72596454892802, -2.9171457385315605], [106.80929788226135, -2.9171457385315605], [106.80929788226135, -3.000479071864894], [106.72596454892802, -3.000479071864894], [106.72596454892802, -2.9171457385315605]]]}, "properties": {"cell_col": 19, "cell_row": 11, "sheet_id": "36-XXVII-q", "has_sheet": false}}, {"type": "Feature", "geometry": {"type": "Polygon", "coordinates": [[[106.72596454892802, -3.000479071864894], [106.80929788226135, -3.000479071864894], [106.80929788226135, -3.0838124051982274], [106.72596454892802, -3.0838124051982274], [106.72596454892802, -3.000479071864894]]]}, "properties": {"cell_col": 19, "cell_row": 12, "sheet_id": "36-XXVIII-d", "has_sheet": true}}, {"type": "Feature", "geometry": {"type": "Polygon", "coordinates": [[[106.72596454892802, -3.083812405198227], [106.80929788226135, -3.083812405198227], [106.80929788226135, -3.1671457385315605], [106.72596454892802, -3.1671457385315605], [106.72596454892802, -3.083812405198227]]]}, "properties": {"cell_col": 19, "cell_row": 13, "sheet_id": "36-XXVIII-h", "has_sheet": true}}, {"type": "Feature", "geometry": {"type": "Polygon", "coordinates": [[[106.72596454892802, -3.1671457385315605], [106.80929788226135, -3.1671457385315605], [106.80929788226135, -3.250479071864894], [106.72596454892802, -3.250479071864894], [106.72596454892802, -3.1671457385315605]]]}, "properties": {"cell_col": 19, "cell_row": 14, "sheet_id": "36-XXVIII-m", "has_sheet": false}}, {"type": "Feature", "geometry": {"type": "Polygon", "coordinates": [[[106.80929788226136, -1.3338124051982274], [106.89263121559469, -1.3338124051982274], [106.89263121559469, -1.4171457385315607], [106.80929788226136, -1.4171457385315607], [106.80929788226136, -1.3338124051982274]]]}, "properties": {"cell_col": 20, "cell_row": -8, "sheet_id": "37-XXIII-a", "has_sheet": false}}, {"type": "Feature", "geometry": {"type": "Polygon", "coordinates": [[[106.80929788226136, -1.4171457385315607], [106.89263121559469, -1.4171457385315607], [106.89263121559469, -1.500479071864894], [106.80929788226136, -1.500479071864894], [106.80929788226136, -1.4171457385315607]]]}, "properties": {"cell_col": 20, "cell_row": -7, "sheet_id": "37-XXIII-e", "has_sheet": false}}, {"type": "Feature", "geometry": {"type": "Polygon", "coordinates": [[[106.80929788226136, -1.500479071864894], [106.89263121559469, -1.500479071864894], [106.89263121559469, -1.5838124051982272], [106.80929788226136, -1.5838124051982272], [106.80929788226136, -1.500479071864894]]]}, "properties": {"cell_col": 20, "cell_row": -6, "sheet_id": "37-XXIII-i", "has_sheet": false}}, {"type": "Feature", "geometry": {"type": "Polygon", "coordinates": [[[106.80929788226136, -1.5838124051982274], [106.89263121559469, -1.5838124051982274], [106.89263121559469, -1.6671457385315607], [106.80929788226136, -1.6671457385315607], [106.80929788226136, -1.5838124051982274]]]}, "properties": {"cell_col": 20, "cell_row": -5, "sheet_id": "37-XXIII-n", "has_sheet": false}}, {"type": "Feature", "geometry": {"type": "Polygon", "coordinates": [[[106.80929788226136, -1.6671457385315607], [106.89263121559469, -1.6671457385315607], [106.89263121559469, -1.750479071864894], [106.80929788226136, -1.750479071864894], [106.80929788226136, -1.6671457385315607]]]}, "properties": {"cell_col": 20, "cell_row": -4, "sheet_id": "37-XXIV-a", "has_sheet": false}}, {"type": "Feature", "geometry": {"type": "Polygon", "coordinates": [[[106.80929788226136, -1.750479071864894], [106.89263121559469, -1.750479071864894], [106.89263121559469, -1.8338124051982272], [106.80929788226136, -1.8338124051982272], [106.80929788226136, -1.750479071864894]]]}, "properties": {"cell_col": 20, "cell_row": -3, "sheet_id": "37-XXIV-e", "has_sheet": false}}, {"type": "Feature", "geometry": {"type": "Polygon", "coordinates": [[[106.80929788226136, -1.8338124051982272], [106.89263121559469, -1.8338124051982272], [106.89263121559469, -1.9171457385315605], [106.80929788226136, -1.9171457385315605], [106.80929788226136, -1.8338124051982272]]]}, "properties": {"cell_col": 20, "cell_row": -2, "sheet_id": "37-XXIV-i", "has_sheet": false}}, {"type": "Feature", "geometry": {"type": "Polygon", "coordinates": [[[106.80929788226136, -1.9171457385315607], [106.89263121559469, -1.9171457385315607], [106.89263121559469, -2.000479071864894], [106.80929788226136, -2.000479071864894], [106.80929788226136, -1.9171457385315607]]]}, "properties": {"cell_col": 20, "cell_row": -1, "sheet_id": "37-XXIV-n", "has_sheet": false}}, {"type": "Feature", "geometry": {"type": "Polygon", "coordinates": [[[106.80929788226136, -2.000479071864894], [106.89263121559469, -2.000479071864894], [106.89263121559469, -2.0838124051982274], [106.80929788226136, -2.0838124051982274], [106.80929788226136, -2.000479071864894]]]}, "properties": {"cell_col": 20, "cell_row": 0, "sheet_id": "37-XXV-a", "has_sheet": false}}, {"type": "Feature", "geometry": {"type": "Polygon", "coordinates": [[[106.80929788226136, -2.0838124051982274], [106.89263121559469, -2.0838124051982274], [106.89263121559469, -2.167145738531561], [106.80929788226136, -2.167145738531561], [106.80929788226136, -2.0838124051982274]]]}, "properties": {"cell_col": 20, "cell_row": 1, "sheet_id": "37-XXV-e", "has_sheet": false}}, {"type": "Feature", "geometry": {"type": "Polygon", "coordinates": [[[106.80929788226136, -2.1671457385315605], [106.89263121559469, -2.1671457385315605], [106.89263121559469, -2.250479071864894], [106.80929788226136, -2.250479071864894], [106.80929788226136, -2.1671457385315605]]]}, "properties": {"cell_col": 20, "cell_row": 2, "sheet_id": "37-XXV-i", "has_sheet": false}}, {"type": "Feature", "geometry": {"type": "Polygon", "coordinates": [[[106.80929788226136, -2.250479071864894], [106.89263121559469, -2.250479071864894], [106.89263121559469, -2.3338124051982274], [106.80929788226136, -2.3338124051982274], [106.80929788226136, -2.250479071864894]]]}, "properties": {"cell_col": 20, "cell_row": 3, "sheet_id": "37-XXV-n", "has_sheet": false}}, {"type": "Feature", "geometry": {"type": "Polygon", "coordinates": [[[106.80929788226136, -2.3338124051982274], [106.89263121559469, -2.3338124051982274], [106.89263121559469, -2.417145738531561], [106.80929788226136, -2.417145738531561], [106.80929788226136, -2.3338124051982274]]]}, "properties": {"cell_col": 20, "cell_row": 4, "sheet_id": "37-XXVI-a", "has_sheet": false}}, {"type": "Feature", "geometry": {"type": "Polygon", "coordinates": [[[106.80929788226136, -2.4171457385315605], [106.89263121559469, -2.4171457385315605], [106.89263121559469, -2.500479071864894], [106.80929788226136, -2.500479071864894], [106.80929788226136, -2.4171457385315605]]]}, "properties": {"cell_col": 20, "cell_row": 5, "sheet_id": "37-XXVI-e", "has_sheet": false}}, {"type": "Feature", "geometry": {"type": "Polygon", "coordinates": [[[106.80929788226136, -2.500479071864894], [106.89263121559469, -2.500479071864894], [106.89263121559469, -2.5838124051982274], [106.80929788226136, -2.5838124051982274], [106.80929788226136, -2.500479071864894]]]}, "properties": {"cell_col": 20, "cell_row": 6, "sheet_id": "37-XXVI-i", "has_sheet": true}}, {"type": "Feature", "geometry": {"type": "Polygon", "coordinates": [[[106.80929788226136, -2.583812405198227], [106.89263121559469, -2.583812405198227], [106.89263121559469, -2.6671457385315605], [106.80929788226136, -2.6671457385315605], [106.80929788226136, -2.583812405198227]]]}, "properties": {"cell_col": 20, "cell_row": 7, "sheet_id": "37-XXVI-n", "has_sheet": true}}, {"type": "Feature", "geometry": {"type": "Polygon", "coordinates": [[[106.80929788226136, -2.6671457385315605], [106.89263121559469, -2.6671457385315605], [106.89263121559469, -2.750479071864894], [106.80929788226136, -2.750479071864894], [106.80929788226136, -2.6671457385315605]]]}, "properties": {"cell_col": 20, "cell_row": 8, "sheet_id": "37-XXVII-a", "has_sheet": false}}, {"type": "Feature", "geometry": {"type": "Polygon", "coordinates": [[[106.80929788226136, -2.750479071864894], [106.89263121559469, -2.750479071864894], [106.89263121559469, -2.8338124051982274], [106.80929788226136, -2.8338124051982274], [106.80929788226136, -2.750479071864894]]]}, "properties": {"cell_col": 20, "cell_row": 9, "sheet_id": "37-XXVII-e", "has_sheet": false}}, {"type": "Feature", "geometry": {"type": "Polygon", "coordinates": [[[106.80929788226136, -2.833812405198227], [106.89263121559469, -2.833812405198227], [106.89263121559469, -2.9171457385315605], [106.80929788226136, -2.9171457385315605], [106.80929788226136, -2.833812405198227]]]}, "properties": {"cell_col": 20, "cell_row": 10, "sheet_id": "37-XXVII-i", "has_sheet": false}}, {"type": "Feature", "geometry": {"type": "Polygon", "coordinates": [[[106.80929788226136, -2.9171457385315605], [106.89263121559469, -2.9171457385315605], [106.89263121559469, -3.000479071864894], [106.80929788226136, -3.000479071864894], [106.80929788226136, -2.9171457385315605]]]}, "properties": {"cell_col": 20, "cell_row": 11, "sheet_id": "37-XXVII-n", "has_sheet": false}}, {"type": "Feature", "geometry": {"type": "Polygon", "coordinates": [[[106.80929788226136, -3.000479071864894], [106.89263121559469, -3.000479071864894], [106.89263121559469, -3.0838124051982274], [106.80929788226136, -3.0838124051982274], [106.80929788226136, -3.000479071864894]]]}, "properties": {"cell_col": 20, "cell_row": 12, "sheet_id": "37-XXVIII-a", "has_sheet": false}}, {"type": "Feature", "geometry": {"type": "Polygon", "coordinates": [[[106.80929788226136, -3.083812405198227], [106.89263121559469, -3.083812405198227], [106.89263121559469, -3.1671457385315605], [106.80929788226136, -3.1671457385315605], [106.80929788226136, -3.083812405198227]]]}, "properties": {"cell_col": 20, "cell_row": 13, "sheet_id": "37-XXVIII-e", "has_sheet": false}}, {"type": "Feature", "geometry": {"type": "Polygon", "coordinates": [[[106.80929788226136, -3.1671457385315605], [106.89263121559469, -3.1671457385315605], [106.89263121559469, -3.250479071864894], [106.80929788226136, -3.250479071864894], [106.80929788226136, -3.1671457385315605]]]}, "properties": {"cell_col": 20, "cell_row": 14, "sheet_id": "37-XXVIII-i", "has_sheet": false}}, {"type": "Feature", "geometry": {"type": "Polygon", "coordinates": [[[106.89263121559469, -1.3338124051982274], [106.97596454892802, -1.3338124051982274], [106.97596454892802, -1.4171457385315607], [106.89263121559469, -1.4171457385315607], [106.89263121559469, -1.3338124051982274]]]}, "properties": {"cell_col": 21, "cell_row": -8, "sheet_id": "37-XXIII-b", "has_sheet": false}}, {"type": "Feature", "geometry": {"type": "Polygon", "coordinates": [[[106.89263121559469, -1.4171457385315607], [106.97596454892802, -1.4171457385315607], [106.97596454892802, -1.500479071864894], [106.89263121559469, -1.500479071864894], [106.89263121559469, -1.4171457385315607]]]}, "properties": {"cell_col": 21, "cell_row": -7, "sheet_id": "37-XXIII-f", "has_sheet": false}}, {"type": "Feature", "geometry": {"type": "Polygon", "coordinates": [[[106.89263121559469, -1.500479071864894], [106.97596454892802, -1.500479071864894], [106.97596454892802, -1.5838124051982272], [106.89263121559469, -1.5838124051982272], [106.89263121559469, -1.500479071864894]]]}, "properties": {"cell_col": 21, "cell_row": -6, "sheet_id": "37-XXIII-k", "has_sheet": false}}, {"type": "Feature", "geometry": {"type": "Polygon", "coordinates": [[[106.89263121559469, -1.5838124051982274], [106.97596454892802, -1.5838124051982274], [106.97596454892802, -1.6671457385315607], [106.89263121559469, -1.6671457385315607], [106.89263121559469, -1.5838124051982274]]]}, "properties": {"cell_col": 21, "cell_row": -5, "sheet_id": "37-XXIII-o", "has_sheet": false}}, {"type": "Feature", "geometry": {"type": "Polygon", "coordinates": [[[106.89263121559469, -1.6671457385315607], [106.97596454892802, -1.6671457385315607], [106.97596454892802, -1.750479071864894], [106.89263121559469, -1.750479071864894], [106.89263121559469, -1.6671457385315607]]]}, "properties": {"cell_col": 21, "cell_row": -4, "sheet_id": "37-XXIV-b", "has_sheet": false}}, {"type": "Feature", "geometry": {"type": "Polygon", "coordinates": [[[106.89263121559469, -1.750479071864894], [106.97596454892802, -1.750479071864894], [106.97596454892802, -1.8338124051982272], [106.89263121559469, -1.8338124051982272], [106.89263121559469, -1.750479071864894]]]}, "properties": {"cell_col": 21, "cell_row": -3, "sheet_id": "37-XXIV-f", "has_sheet": false}}, {"type": "Feature", "geometry": {"type": "Polygon", "coordinates": [[[106.89263121559469, -1.8338124051982272], [106.97596454892802, -1.8338124051982272], [106.97596454892802, -1.9171457385315605], [106.89263121559469, -1.9171457385315605], [106.89263121559469, -1.8338124051982272]]]}, "properties": {"cell_col": 21, "cell_row": -2, "sheet_id": "37-XXIV-k", "has_sheet": false}}, {"type": "Feature", "geometry": {"type": "Polygon", "coordinates": [[[106.89263121559469, -1.9171457385315607], [106.97596454892802, -1.9171457385315607], [106.97596454892802, -2.000479071864894], [106.89263121559469, -2.000479071864894], [106.89263121559469, -1.9171457385315607]]]}, "properties": {"cell_col": 21, "cell_row": -1, "sheet_id": "37-XXIV-o", "has_sheet": false}}, {"type": "Feature", "geometry": {"type": "Polygon", "coordinates": [[[106.89263121559469, -2.000479071864894], [106.97596454892802, -2.000479071864894], [106.97596454892802, -2.0838124051982274], [106.89263121559469, -2.0838124051982274], [106.89263121559469, -2.000479071864894]]]}, "properties": {"cell_col": 21, "cell_row": 0, "sheet_id": "37-XXV-b", "has_sheet": false}}, {"type": "Feature", "geometry": {"type": "Polygon", "coordinates": [[[106.89263121559469, -2.0838124051982274], [106.97596454892802, -2.0838124051982274], [106.97596454892802, -2.167145738531561], [106.89263121559469, -2.167145738531561], [106.89263121559469, -2.0838124051982274]]]}, "properties": {"cell_col": 21, "cell_row": 1, "sheet_id": "37-XXV-f", "has_sheet": false}}, {"type": "Feature", "geometry": {"type": "Polygon", "coordinates": [[[106.89263121559469, -2.1671457385315605], [106.97596454892802, -2.1671457385315605], [106.97596454892802, -2.250479071864894], [106.89263121559469, -2.250479071864894], [106.89263121559469, -2.1671457385315605]]]}, "properties": {"cell_col": 21, "cell_row": 2, "sheet_id": "37-XXV-k", "has_sheet": false}}, {"type": "Feature", "geometry": {"type": "Polygon", "coordinates": [[[106.89263121559469, -2.250479071864894], [106.97596454892802, -2.250479071864894], [106.97596454892802, -2.3338124051982274], [106.89263121559469, -2.3338124051982274], [106.89263121559469, -2.250479071864894]]]}, "properties": {"cell_col": 21, "cell_row": 3, "sheet_id": "37-XXV-o", "has_sheet": false}}, {"type": "Feature", "geometry": {"type": "Polygon", "coordinates": [[[106.89263121559469, -2.3338124051982274], [106.97596454892802, -2.3338124051982274], [106.97596454892802, -2.417145738531561], [106.89263121559469, -2.417145738531561], [106.89263121559469, -2.3338124051982274]]]}, "properties": {"cell_col": 21, "cell_row": 4, "sheet_id": "37-XXVI-b", "has_sheet": false}}, {"type": "Feature", "geometry": {"type": "Polygon", "coordinates": [[[106.89263121559469, -2.4171457385315605], [106.97596454892802, -2.4171457385315605], [106.97596454892802, -2.500479071864894], [106.89263121559469, -2.500479071864894], [106.89263121559469, -2.4171457385315605]]]}, "properties": {"cell_col": 21, "cell_row": 5, "sheet_id": "37-XXVI-f", "has_sheet": false}}, {"type": "Feature", "geometry": {"type": "Polygon", "coordinates": [[[106.89263121559469, -2.500479071864894], [106.97596454892802, -2.500479071864894], [106.97596454892802, -2.5838124051982274], [106.89263121559469, -2.5838124051982274], [106.89263121559469, -2.500479071864894]]]}, "properties": {"cell_col": 21, "cell_row": 6, "sheet_id": "37-XXVI-k", "has_sheet": false}}, {"type": "Feature", "geometry": {"type": "Polygon", "coordinates": [[[106.89263121559469, -2.583812405198227], [106.97596454892802, -2.583812405198227], [106.97596454892802, -2.6671457385315605], [106.89263121559469, -2.6671457385315605], [106.89263121559469, -2.583812405198227]]]}, "properties": {"cell_col": 21, "cell_row": 7, "sheet_id": "37-XXVI-o", "has_sheet": false}}, {"type": "Feature", "geometry": {"type": "Polygon", "coordinates": [[[106.89263121559469, -2.6671457385315605], [106.97596454892802, -2.6671457385315605], [106.97596454892802, -2.750479071864894], [106.89263121559469, -2.750479071864894], [106.89263121559469, -2.6671457385315605]]]}, "properties": {"cell_col": 21, "cell_row": 8, "sheet_id": "37-XXVII-b", "has_sheet": false}}, {"type": "Feature", "geometry": {"type": "Polygon", "coordinates": [[[106.89263121559469, -2.750479071864894], [106.97596454892802, -2.750479071864894], [106.97596454892802, -2.8338124051982274], [106.89263121559469, -2.8338124051982274], [106.89263121559469, -2.750479071864894]]]}, "properties": {"cell_col": 21, "cell_row": 9, "sheet_id": "37-XXVII-f", "has_sheet": false}}, {"type": "Feature", "geometry": {"type": "Polygon", "coordinates": [[[106.89263121559469, -2.833812405198227], [106.97596454892802, -2.833812405198227], [106.97596454892802, -2.9171457385315605], [106.89263121559469, -2.9171457385315605], [106.89263121559469, -2.833812405198227]]]}, "properties": {"cell_col": 21, "cell_row": 10, "sheet_id": "37-XXVII-k", "has_sheet": false}}, {"type": "Feature", "geometry": {"type": "Polygon", "coordinates": [[[106.89263121559469, -2.9171457385315605], [106.97596454892802, -2.9171457385315605], [106.97596454892802, -3.000479071864894], [106.89263121559469, -3.000479071864894], [106.89263121559469, -2.9171457385315605]]]}, "properties": {"cell_col": 21, "cell_row": 11, "sheet_id": "37-XXVII-o", "has_sheet": false}}, {"type": "Feature", "geometry": {"type": "Polygon", "coordinates": [[[106.89263121559469, -3.000479071864894], [106.97596454892802, -3.000479071864894], [106.97596454892802, -3.0838124051982274], [106.89263121559469, -3.0838124051982274], [106.89263121559469, -3.000479071864894]]]}, "properties": {"cell_col": 21, "cell_row": 12, "sheet_id": "37-XXVIII-b", "has_sheet": false}}, {"type": "Feature", "geometry": {"type": "Polygon", "coordinates": [[[106.89263121559469, -3.083812405198227], [106.97596454892802, -3.083812405198227], [106.97596454892802, -3.1671457385315605], [106.89263121559469, -3.1671457385315605], [106.89263121559469, -3.083812405198227]]]}, "properties": {"cell_col": 21, "cell_row": 13, "sheet_id": "37-XXVIII-f", "has_sheet": false}}, {"type": "Feature", "geometry": {"type": "Polygon", "coordinates": [[[106.89263121559469, -3.1671457385315605], [106.97596454892802, -3.1671457385315605], [106.97596454892802, -3.250479071864894], [106.89263121559469, -3.250479071864894], [106.89263121559469, -3.1671457385315605]]]}, "properties": {"cell_col": 21, "cell_row": 14, "sheet_id": "37-XXVIII-k", "has_sheet": false}}]}